Gene_ID,Cancer_Type,Gene_Mutation_Count,Gene_Severe_Mutation_Count,Gene_Individuals_with_Mutations_Count,Gene_Individuals_with_Severe_Mutations_Count
CARD11,Uterine_Corpus_Endometrial_Carcinoma,106,12,61,12
USP28,Uterine_Corpus_Endometrial_Carcinoma,80,15,54,13
TSC1,Uterine_Corpus_Endometrial_Carcinoma,90,13,51,11
ZXDA,Uterine_Corpus_Endometrial_Carcinoma,83,0,51,0
XIST,Uterine_Corpus_Endometrial_Carcinoma,302,0,73,0
FBN1,Uterine_Corpus_Endometrial_Carcinoma,200,32,74,27
KDM3B,Uterine_Corpus_Endometrial_Carcinoma,98,20,59,19
WDFY3,Uterine_Corpus_Endometrial_Carcinoma,190,23,82,18
PLEKHA6,Uterine_Corpus_Endometrial_Carcinoma,98,11,65,11
ARID4B,Uterine_Corpus_Endometrial_Carcinoma,127,32,78,29
GSE1,Uterine_Corpus_Endometrial_Carcinoma,80,11,47,10
DGKB,Uterine_Corpus_Endometrial_Carcinoma,116,12,50,9
KANK4,Uterine_Corpus_Endometrial_Carcinoma,75,8,45,8
PAPOLB,Uterine_Corpus_Endometrial_Carcinoma,88,5,45,5
SLC4A11,Uterine_Corpus_Endometrial_Carcinoma,74,10,53,8
PKDREJ,Uterine_Corpus_Endometrial_Carcinoma,126,11,51,10
RAPGEF2,Uterine_Corpus_Endometrial_Carcinoma,93,14,53,13
THADA,Uterine_Corpus_Endometrial_Carcinoma,88,6,48,6
DCDC1,Uterine_Corpus_Endometrial_Carcinoma,118,14,58,12
MPDZ,Uterine_Corpus_Endometrial_Carcinoma,113,14,57,12
USP48,Uterine_Corpus_Endometrial_Carcinoma,64,9,44,9
SH3PXD2A,Uterine_Corpus_Endometrial_Carcinoma,104,4,55,4
COL6A6,Uterine_Corpus_Endometrial_Carcinoma,124,14,59,13
SCN2A,Uterine_Corpus_Endometrial_Carcinoma,193,13,75,12
TMEM2,Uterine_Corpus_Endometrial_Carcinoma,94,11,51,11
ABCA13,Uterine_Corpus_Endometrial_Carcinoma,329,37,84,25
SAGE1,Uterine_Corpus_Endometrial_Carcinoma,96,19,59,18
IGSF9B,Uterine_Corpus_Endometrial_Carcinoma,121,16,64,16
KIAA0947,Uterine_Corpus_Endometrial_Carcinoma,128,19,59,18
HTR2C,Uterine_Corpus_Endometrial_Carcinoma,130,5,57,5
MAGI1,Uterine_Corpus_Endometrial_Carcinoma,109,8,63,8
PACS1,Uterine_Corpus_Endometrial_Carcinoma,68,4,48,4
KCTD8,Uterine_Corpus_Endometrial_Carcinoma,65,6,48,6
TRIOBP,Uterine_Corpus_Endometrial_Carcinoma,113,13,58,11
GPR126,Uterine_Corpus_Endometrial_Carcinoma,102,7,49,5
TBC1D4,Uterine_Corpus_Endometrial_Carcinoma,96,13,50,11
SLC12A2,Uterine_Corpus_Endometrial_Carcinoma,75,10,48,8
CDH8,Uterine_Corpus_Endometrial_Carcinoma,113,10,58,9
POLR2A,Uterine_Corpus_Endometrial_Carcinoma,94,13,54,13
KDM2B,Uterine_Corpus_Endometrial_Carcinoma,85,6,47,6
PLXNA1,Uterine_Corpus_Endometrial_Carcinoma,182,8,80,8
GUCY2F,Uterine_Corpus_Endometrial_Carcinoma,105,8,52,8
USP26,Uterine_Corpus_Endometrial_Carcinoma,99,27,55,23
LRRD1,Uterine_Corpus_Endometrial_Carcinoma,71,8,45,8
DCAF5,Uterine_Corpus_Endometrial_Carcinoma,57,3,44,3
KANK1,Uterine_Corpus_Endometrial_Carcinoma,80,7,46,6
SYTL4,Uterine_Corpus_Endometrial_Carcinoma,76,8,44,8
NBEA,Uterine_Corpus_Endometrial_Carcinoma,277,46,90,32
RPL22,Uterine_Corpus_Endometrial_Carcinoma,58,45,54,44
ZIC3,Uterine_Corpus_Endometrial_Carcinoma,100,1,52,1
TBL1X,Uterine_Corpus_Endometrial_Carcinoma,101,6,55,6
C20orf26,Uterine_Corpus_Endometrial_Carcinoma,96,14,51,12
PPL,Uterine_Corpus_Endometrial_Carcinoma,102,11,57,10
ABCC6,Uterine_Corpus_Endometrial_Carcinoma,93,13,58,11
JMJD1C,Uterine_Corpus_Endometrial_Carcinoma,133,13,65,12
LYST,Uterine_Corpus_Endometrial_Carcinoma,240,32,73,24
LENG8,Uterine_Corpus_Endometrial_Carcinoma,71,1,45,1
ZNF536,Uterine_Corpus_Endometrial_Carcinoma,150,7,74,7
MAGEC3,Uterine_Corpus_Endometrial_Carcinoma,114,4,63,4
PAX3,Uterine_Corpus_Endometrial_Carcinoma,85,1,53,1
RP11-707M1.1,Uterine_Corpus_Endometrial_Carcinoma,78,2,52,2
HECW1,Uterine_Corpus_Endometrial_Carcinoma,129,9,74,9
SETX,Uterine_Corpus_Endometrial_Carcinoma,169,15,65,14
PCDHGA8,Uterine_Corpus_Endometrial_Carcinoma,98,2,53,2
RBM12B,Uterine_Corpus_Endometrial_Carcinoma,75,6,47,6
GAS7,Uterine_Corpus_Endometrial_Carcinoma,78,2,48,2
ABCC5,Uterine_Corpus_Endometrial_Carcinoma,100,3,45,2
KIAA0232,Uterine_Corpus_Endometrial_Carcinoma,94,9,52,7
ARHGAP21,Uterine_Corpus_Endometrial_Carcinoma,127,14,63,13
UBR1,Uterine_Corpus_Endometrial_Carcinoma,86,11,51,10
NID1,Uterine_Corpus_Endometrial_Carcinoma,95,5,54,5
SSPO,Uterine_Corpus_Endometrial_Carcinoma,288,8,97,8
TTC21A,Uterine_Corpus_Endometrial_Carcinoma,71,8,45,8
HDAC9,Uterine_Corpus_Endometrial_Carcinoma,81,10,45,9
ATP10A,Uterine_Corpus_Endometrial_Carcinoma,130,7,60,6
KDR,Uterine_Corpus_Endometrial_Carcinoma,114,11,48,9
MTOR,Uterine_Corpus_Endometrial_Carcinoma,124,10,60,8
NID2,Uterine_Corpus_Endometrial_Carcinoma,97,12,62,12
GCC2,Uterine_Corpus_Endometrial_Carcinoma,100,22,53,18
BCORL1,Uterine_Corpus_Endometrial_Carcinoma,170,27,84,25
DGKG,Uterine_Corpus_Endometrial_Carcinoma,90,6,50,5
PLXNA3,Uterine_Corpus_Endometrial_Carcinoma,137,10,65,10
TIE1,Uterine_Corpus_Endometrial_Carcinoma,87,10,47,10
SPTBN1,Uterine_Corpus_Endometrial_Carcinoma,159,10,72,9
NEDD4L,Uterine_Corpus_Endometrial_Carcinoma,91,8,44,7
CACNA1B,Uterine_Corpus_Endometrial_Carcinoma,166,8,68,8
ANKS1A,Uterine_Corpus_Endometrial_Carcinoma,79,4,46,3
CNOT1,Uterine_Corpus_Endometrial_Carcinoma,136,14,61,12
CWF19L2,Uterine_Corpus_Endometrial_Carcinoma,65,22,46,21
TP63,Uterine_Corpus_Endometrial_Carcinoma,123,10,64,9
SYNPO,Uterine_Corpus_Endometrial_Carcinoma,98,6,55,6
ACIN1,Uterine_Corpus_Endometrial_Carcinoma,72,5,49,5
ELAVL2,Uterine_Corpus_Endometrial_Carcinoma,108,1,54,1
NEDD4,Uterine_Corpus_Endometrial_Carcinoma,102,11,49,11
SCML2,Uterine_Corpus_Endometrial_Carcinoma,89,6,50,6
NTNG1,Uterine_Corpus_Endometrial_Carcinoma,66,2,44,2
GPR116,Uterine_Corpus_Endometrial_Carcinoma,90,12,49,11
NEXN,Uterine_Corpus_Endometrial_Carcinoma,75,7,48,7
TDRD5,Uterine_Corpus_Endometrial_Carcinoma,82,13,50,12
MDN1,Uterine_Corpus_Endometrial_Carcinoma,258,35,87,29
FMN2,Uterine_Corpus_Endometrial_Carcinoma,107,9,57,8
CARD6,Uterine_Corpus_Endometrial_Carcinoma,73,9,44,8
KDM6B,Uterine_Corpus_Endometrial_Carcinoma,84,10,50,10
CACNA1H,Uterine_Corpus_Endometrial_Carcinoma,126,4,68,4
TRIM33,Uterine_Corpus_Endometrial_Carcinoma,102,10,52,9
TRPM2,Uterine_Corpus_Endometrial_Carcinoma,96,8,47,8
PARP14,Uterine_Corpus_Endometrial_Carcinoma,95,13,50,11
MUC17,Uterine_Corpus_Endometrial_Carcinoma,273,7,79,6
SMCHD1,Uterine_Corpus_Endometrial_Carcinoma,94,14,51,14
ZNF841,Uterine_Corpus_Endometrial_Carcinoma,77,5,46,5
PLEC,Uterine_Corpus_Endometrial_Carcinoma,188,11,82,11
RUNX1,Uterine_Corpus_Endometrial_Carcinoma,93,7,57,7
SLC26A9,Uterine_Corpus_Endometrial_Carcinoma,67,5,46,5
PTCH1,Uterine_Corpus_Endometrial_Carcinoma,126,22,71,22
IGF2BP1,Uterine_Corpus_Endometrial_Carcinoma,107,1,63,1
PUM2,Uterine_Corpus_Endometrial_Carcinoma,79,11,53,11
CD163L1,Uterine_Corpus_Endometrial_Carcinoma,78,6,47,4
MYH14,Uterine_Corpus_Endometrial_Carcinoma,113,6,64,5
SHROOM4,Uterine_Corpus_Endometrial_Carcinoma,128,13,60,13
SPRED1,Uterine_Corpus_Endometrial_Carcinoma,83,9,55,9
HIF1A,Uterine_Corpus_Endometrial_Carcinoma,69,5,51,5
FILIP1L,Uterine_Corpus_Endometrial_Carcinoma,80,14,45,12
FAM46D,Uterine_Corpus_Endometrial_Carcinoma,98,3,51,3
ITSN1,Uterine_Corpus_Endometrial_Carcinoma,116,12,59,11
MORC1,Uterine_Corpus_Endometrial_Carcinoma,98,23,51,20
SOCS6,Uterine_Corpus_Endometrial_Carcinoma,97,2,47,1
RGAG1,Uterine_Corpus_Endometrial_Carcinoma,151,6,55,6
OSMR,Uterine_Corpus_Endometrial_Carcinoma,68,8,44,8
GREB1,Uterine_Corpus_Endometrial_Carcinoma,123,10,66,10
MYH11,Uterine_Corpus_Endometrial_Carcinoma,125,10,61,9
SAMD9L,Uterine_Corpus_Endometrial_Carcinoma,138,18,62,15
PLAG1,Uterine_Corpus_Endometrial_Carcinoma,138,3,64,3
C1orf168,Uterine_Corpus_Endometrial_Carcinoma,56,13,45,13
RC3H2,Uterine_Corpus_Endometrial_Carcinoma,82,7,46,7
PLEKHA5,Uterine_Corpus_Endometrial_Carcinoma,74,7,44,7
ARHGEF5,Uterine_Corpus_Endometrial_Carcinoma,64,9,46,9
TJP1,Uterine_Corpus_Endometrial_Carcinoma,113,13,56,11
GRID1,Uterine_Corpus_Endometrial_Carcinoma,93,4,55,4
OSBPL8,Uterine_Corpus_Endometrial_Carcinoma,79,9,44,9
TACC2,Uterine_Corpus_Endometrial_Carcinoma,136,11,61,9
CYFIP2,Uterine_Corpus_Endometrial_Carcinoma,114,11,63,8
ATP8B2,Uterine_Corpus_Endometrial_Carcinoma,71,4,46,4
ACACA,Uterine_Corpus_Endometrial_Carcinoma,118,11,57,10
TRPM6,Uterine_Corpus_Endometrial_Carcinoma,134,14,57,12
GRM6,Uterine_Corpus_Endometrial_Carcinoma,66,5,46,5
AR,Uterine_Corpus_Endometrial_Carcinoma,82,9,54,8
UMODL1,Uterine_Corpus_Endometrial_Carcinoma,83,10,50,10
SALL1,Uterine_Corpus_Endometrial_Carcinoma,101,4,54,3
CCDC85A,Uterine_Corpus_Endometrial_Carcinoma,64,3,44,3
EML4,Uterine_Corpus_Endometrial_Carcinoma,70,10,46,10
ERCC6,Uterine_Corpus_Endometrial_Carcinoma,77,7,48,7
PDE3A,Uterine_Corpus_Endometrial_Carcinoma,73,8,46,8
RPS6KA2,Uterine_Corpus_Endometrial_Carcinoma,74,7,44,7
ZNF451,Uterine_Corpus_Endometrial_Carcinoma,82,7,46,7
ELMO1,Uterine_Corpus_Endometrial_Carcinoma,77,6,47,5
AHCTF1,Uterine_Corpus_Endometrial_Carcinoma,138,16,70,16
ATXN1,Uterine_Corpus_Endometrial_Carcinoma,160,10,75,10
MINK1,Uterine_Corpus_Endometrial_Carcinoma,91,10,54,8
GPR158,Uterine_Corpus_Endometrial_Carcinoma,149,15,66,14
MCF2L,Uterine_Corpus_Endometrial_Carcinoma,91,1,48,1
FAM120C,Uterine_Corpus_Endometrial_Carcinoma,79,8,47,8
CADM2,Uterine_Corpus_Endometrial_Carcinoma,87,7,49,7
SMARCA5,Uterine_Corpus_Endometrial_Carcinoma,75,9,51,9
CENPF,Uterine_Corpus_Endometrial_Carcinoma,148,24,58,17
ZNF831,Uterine_Corpus_Endometrial_Carcinoma,115,9,56,9
ZSWIM8,Uterine_Corpus_Endometrial_Carcinoma,83,8,53,6
DSG1,Uterine_Corpus_Endometrial_Carcinoma,89,10,47,9
NOS1,Uterine_Corpus_Endometrial_Carcinoma,97,12,62,12
CNTNAP4,Uterine_Corpus_Endometrial_Carcinoma,113,7,56,7
ACSL4,Uterine_Corpus_Endometrial_Carcinoma,114,11,55,11
PTPRN2,Uterine_Corpus_Endometrial_Carcinoma,100,7,57,7
AKAP6,Uterine_Corpus_Endometrial_Carcinoma,150,14,70,14
ADCY10,Uterine_Corpus_Endometrial_Carcinoma,112,9,47,8
NPC1L1,Uterine_Corpus_Endometrial_Carcinoma,76,9,51,8
GRIA1,Uterine_Corpus_Endometrial_Carcinoma,70,6,44,6
CAMTA1,Uterine_Corpus_Endometrial_Carcinoma,150,10,70,9
NRIP1,Uterine_Corpus_Endometrial_Carcinoma,119,17,64,17
PCDHGA5,Uterine_Corpus_Endometrial_Carcinoma,85,4,47,4
USP10,Uterine_Corpus_Endometrial_Carcinoma,68,7,47,7
TENM2,Uterine_Corpus_Endometrial_Carcinoma,200,8,84,8
DLG2,Uterine_Corpus_Endometrial_Carcinoma,166,11,64,11
ZNF91,Uterine_Corpus_Endometrial_Carcinoma,120,13,53,12
ATP2B2,Uterine_Corpus_Endometrial_Carcinoma,130,3,65,3
EPHA7,Uterine_Corpus_Endometrial_Carcinoma,108,11,59,10
UTRN,Uterine_Corpus_Endometrial_Carcinoma,205,28,77,22
NRG1,Uterine_Corpus_Endometrial_Carcinoma,123,7,59,5
PCDH12,Uterine_Corpus_Endometrial_Carcinoma,77,3,47,3
SAMD9,Uterine_Corpus_Endometrial_Carcinoma,132,13,59,10
CTNNA2,Uterine_Corpus_Endometrial_Carcinoma,114,16,62,16
LTF,Uterine_Corpus_Endometrial_Carcinoma,72,6,45,6
ASAP1,Uterine_Corpus_Endometrial_Carcinoma,73,5,52,5
MAGEC1,Uterine_Corpus_Endometrial_Carcinoma,150,9,64,9
MAGEB6,Uterine_Corpus_Endometrial_Carcinoma,78,2,48,2
APOB,Uterine_Corpus_Endometrial_Carcinoma,268,23,88,22
STON1-GTF2A1L,Uterine_Corpus_Endometrial_Carcinoma,91,14,44,12
MAGED1,Uterine_Corpus_Endometrial_Carcinoma,87,9,49,9
QKI,Uterine_Corpus_Endometrial_Carcinoma,116,13,74,12
EPRS,Uterine_Corpus_Endometrial_Carcinoma,79,11,51,11
PHF6,Uterine_Corpus_Endometrial_Carcinoma,95,6,56,6
CCAR1,Uterine_Corpus_Endometrial_Carcinoma,68,15,48,15
SEMA6D,Uterine_Corpus_Endometrial_Carcinoma,142,12,64,11
ANKRD50,Uterine_Corpus_Endometrial_Carcinoma,113,17,57,15
RP1L1,Uterine_Corpus_Endometrial_Carcinoma,151,17,67,16
NHSL2,Uterine_Corpus_Endometrial_Carcinoma,81,4,48,4
ARHGAP5,Uterine_Corpus_Endometrial_Carcinoma,127,17,63,15
PEAR1,Uterine_Corpus_Endometrial_Carcinoma,57,9,44,9
DIAPH3,Uterine_Corpus_Endometrial_Carcinoma,97,9,46,9
FAM135B,Uterine_Corpus_Endometrial_Carcinoma,187,12,75,12
POTEE,Uterine_Corpus_Endometrial_Carcinoma,89,15,51,14
PCDH9,Uterine_Corpus_Endometrial_Carcinoma,202,12,82,12
UBN1,Uterine_Corpus_Endometrial_Carcinoma,69,6,47,6
CLIP2,Uterine_Corpus_Endometrial_Carcinoma,75,4,45,4
CAMTA2,Uterine_Corpus_Endometrial_Carcinoma,77,13,55,13
ASXL3,Uterine_Corpus_Endometrial_Carcinoma,183,24,66,20
ABCB1,Uterine_Corpus_Endometrial_Carcinoma,117,20,53,17
KIF7,Uterine_Corpus_Endometrial_Carcinoma,72,6,45,6
BRD1,Uterine_Corpus_Endometrial_Carcinoma,109,14,56,14
SLC12A1,Uterine_Corpus_Endometrial_Carcinoma,96,15,55,14
MTUS2,Uterine_Corpus_Endometrial_Carcinoma,123,9,66,9
PCDHGA2,Uterine_Corpus_Endometrial_Carcinoma,94,7,49,7
NELL1,Uterine_Corpus_Endometrial_Carcinoma,99,8,49,8
CAD,Uterine_Corpus_Endometrial_Carcinoma,115,10,59,9
MCC,Uterine_Corpus_Endometrial_Carcinoma,83,10,49,10
RYR1,Uterine_Corpus_Endometrial_Carcinoma,316,31,98,26
TRIM9,Uterine_Corpus_Endometrial_Carcinoma,98,8,55,8
SECISBP2L,Uterine_Corpus_Endometrial_Carcinoma,88,10,47,10
PTCH2,Uterine_Corpus_Endometrial_Carcinoma,68,8,44,8
AKT3,Uterine_Corpus_Endometrial_Carcinoma,83,8,45,7
PCDHGB3,Uterine_Corpus_Endometrial_Carcinoma,87,4,46,4
CNKSR2,Uterine_Corpus_Endometrial_Carcinoma,100,12,51,9
SYNRG,Uterine_Corpus_Endometrial_Carcinoma,71,6,44,6
PIK3AP1,Uterine_Corpus_Endometrial_Carcinoma,76,8,45,8
OPCML,Uterine_Corpus_Endometrial_Carcinoma,83,2,45,2
EPB41L1,Uterine_Corpus_Endometrial_Carcinoma,86,4,50,4
TECPR1,Uterine_Corpus_Endometrial_Carcinoma,77,12,48,12
MAP9,Uterine_Corpus_Endometrial_Carcinoma,71,16,45,15
MAP3K19,Uterine_Corpus_Endometrial_Carcinoma,123,20,50,15
MUC6,Uterine_Corpus_Endometrial_Carcinoma,111,6,57,6
KIF13B,Uterine_Corpus_Endometrial_Carcinoma,85,7,53,7
DIO2,Uterine_Corpus_Endometrial_Carcinoma,69,3,44,3
SMARCA4,Uterine_Corpus_Endometrial_Carcinoma,103,8,63,7
EYS,Uterine_Corpus_Endometrial_Carcinoma,278,40,85,33
OLFM1,Uterine_Corpus_Endometrial_Carcinoma,77,2,49,2
KNDC1,Uterine_Corpus_Endometrial_Carcinoma,116,4,56,4
MIB1,Uterine_Corpus_Endometrial_Carcinoma,91,3,47,2
SRGAP2,Uterine_Corpus_Endometrial_Carcinoma,71,7,47,7
CASR,Uterine_Corpus_Endometrial_Carcinoma,86,4,50,4
UBE3A,Uterine_Corpus_Endometrial_Carcinoma,68,10,48,10
ALK,Uterine_Corpus_Endometrial_Carcinoma,98,8,57,8
NFATC1,Uterine_Corpus_Endometrial_Carcinoma,67,4,48,4
CNTNAP2,Uterine_Corpus_Endometrial_Carcinoma,155,11,71,10
NTRK3,Uterine_Corpus_Endometrial_Carcinoma,118,5,60,5
SLC4A3,Uterine_Corpus_Endometrial_Carcinoma,88,6,49,6
ZMYM4,Uterine_Corpus_Endometrial_Carcinoma,102,17,64,16
DCAF8L1,Uterine_Corpus_Endometrial_Carcinoma,95,11,54,11
HFM1,Uterine_Corpus_Endometrial_Carcinoma,118,26,49,20
BAI3,Uterine_Corpus_Endometrial_Carcinoma,169,20,65,18
HIC2,Uterine_Corpus_Endometrial_Carcinoma,103,2,54,2
VWF,Uterine_Corpus_Endometrial_Carcinoma,160,19,67,16
C4orf21,Uterine_Corpus_Endometrial_Carcinoma,88,9,49,9
SEMA3D,Uterine_Corpus_Endometrial_Carcinoma,69,12,47,10
ZMYM6,Uterine_Corpus_Endometrial_Carcinoma,90,15,51,14
POLD1,Uterine_Corpus_Endometrial_Carcinoma,75,7,49,7
ZNF721,Uterine_Corpus_Endometrial_Carcinoma,97,4,46,4
KMT2E,Uterine_Corpus_Endometrial_Carcinoma,104,11,59,10
ARHGAP26,Uterine_Corpus_Endometrial_Carcinoma,79,8,44,8
GABRA2,Uterine_Corpus_Endometrial_Carcinoma,70,6,44,6
SCN7A,Uterine_Corpus_Endometrial_Carcinoma,116,23,53,20
PFKP,Uterine_Corpus_Endometrial_Carcinoma,75,9,45,9
PTPRQ,Uterine_Corpus_Endometrial_Carcinoma,135,24,58,21
ZNF106,Uterine_Corpus_Endometrial_Carcinoma,89,14,49,14
YTHDC1,Uterine_Corpus_Endometrial_Carcinoma,84,9,48,8
SZT2,Uterine_Corpus_Endometrial_Carcinoma,190,34,84,28
ZBTB4,Uterine_Corpus_Endometrial_Carcinoma,107,2,61,2
SH3KBP1,Uterine_Corpus_Endometrial_Carcinoma,91,12,49,11
UBE4A,Uterine_Corpus_Endometrial_Carcinoma,60,3,46,3
TSPEAR,Uterine_Corpus_Endometrial_Carcinoma,75,5,46,5
SLIT2,Uterine_Corpus_Endometrial_Carcinoma,108,14,50,12
KCNS2,Uterine_Corpus_Endometrial_Carcinoma,70,2,44,2
INPP5F,Uterine_Corpus_Endometrial_Carcinoma,75,6,45,6
ANKRD30A,Uterine_Corpus_Endometrial_Carcinoma,148,33,64,24
ZNF268,Uterine_Corpus_Endometrial_Carcinoma,73,4,47,4
ATP9A,Uterine_Corpus_Endometrial_Carcinoma,79,6,48,6
ADAMTSL4,Uterine_Corpus_Endometrial_Carcinoma,96,20,58,19
FGD6,Uterine_Corpus_Endometrial_Carcinoma,80,10,48,10
CUL4B,Uterine_Corpus_Endometrial_Carcinoma,113,26,46,21
MYO7B,Uterine_Corpus_Endometrial_Carcinoma,142,18,64,15
C7,Uterine_Corpus_Endometrial_Carcinoma,76,15,48,13
VGLL3,Uterine_Corpus_Endometrial_Carcinoma,70,2,44,2
DZIP1,Uterine_Corpus_Endometrial_Carcinoma,68,9,47,9
ERBB4,Uterine_Corpus_Endometrial_Carcinoma,145,16,62,14
SHC1,Uterine_Corpus_Endometrial_Carcinoma,68,3,53,3
PHKB,Uterine_Corpus_Endometrial_Carcinoma,71,7,45,7
DHX34,Uterine_Corpus_Endometrial_Carcinoma,76,9,53,8
LIMCH1,Uterine_Corpus_Endometrial_Carcinoma,109,11,51,10
FAM184B,Uterine_Corpus_Endometrial_Carcinoma,83,6,49,6
PER3,Uterine_Corpus_Endometrial_Carcinoma,81,6,44,6
CACNA1C,Uterine_Corpus_Endometrial_Carcinoma,189,10,74,10
IQGAP1,Uterine_Corpus_Endometrial_Carcinoma,76,10,48,10
FN1,Uterine_Corpus_Endometrial_Carcinoma,178,23,78,21
CNTN3,Uterine_Corpus_Endometrial_Carcinoma,77,16,49,15
SETD2,Uterine_Corpus_Endometrial_Carcinoma,155,21,72,21
IKZF2,Uterine_Corpus_Endometrial_Carcinoma,84,3,45,3
LPHN2,Uterine_Corpus_Endometrial_Carcinoma,129,12,57,11
EBF3,Uterine_Corpus_Endometrial_Carcinoma,93,5,55,5
ERC2,Uterine_Corpus_Endometrial_Carcinoma,117,6,47,5
NLRP5,Uterine_Corpus_Endometrial_Carcinoma,95,9,56,9
KIAA0825,Uterine_Corpus_Endometrial_Carcinoma,95,11,46,10
PSD3,Uterine_Corpus_Endometrial_Carcinoma,125,9,54,9
BRINP1,Uterine_Corpus_Endometrial_Carcinoma,77,6,52,6
ATP7B,Uterine_Corpus_Endometrial_Carcinoma,89,8,47,8
C11orf57,Uterine_Corpus_Endometrial_Carcinoma,61,11,45,11
NALCN,Uterine_Corpus_Endometrial_Carcinoma,143,13,66,10
POM121,Uterine_Corpus_Endometrial_Carcinoma,68,6,48,6
ARHGAP22,Uterine_Corpus_Endometrial_Carcinoma,72,14,50,13
WDR7,Uterine_Corpus_Endometrial_Carcinoma,96,13,52,12
THSD4,Uterine_Corpus_Endometrial_Carcinoma,77,2,44,2
RBM27,Uterine_Corpus_Endometrial_Carcinoma,76,25,52,25
AGL,Uterine_Corpus_Endometrial_Carcinoma,70,12,45,11
CDYL,Uterine_Corpus_Endometrial_Carcinoma,79,3,45,3
SEC16B,Uterine_Corpus_Endometrial_Carcinoma,75,14,46,13
RGL1,Uterine_Corpus_Endometrial_Carcinoma,90,9,54,9
UBR4,Uterine_Corpus_Endometrial_Carcinoma,217,18,85,18
ATP9B,Uterine_Corpus_Endometrial_Carcinoma,79,12,46,9
PTPRH,Uterine_Corpus_Endometrial_Carcinoma,76,5,45,5
TRIM66,Uterine_Corpus_Endometrial_Carcinoma,59,7,46,7
ESRRG,Uterine_Corpus_Endometrial_Carcinoma,105,4,53,4
NPAS2,Uterine_Corpus_Endometrial_Carcinoma,71,5,45,5
TULP4,Uterine_Corpus_Endometrial_Carcinoma,97,5,60,5
RPGRIP1L,Uterine_Corpus_Endometrial_Carcinoma,111,17,61,16
LTBP4,Uterine_Corpus_Endometrial_Carcinoma,87,14,48,13
TET1,Uterine_Corpus_Endometrial_Carcinoma,126,15,56,13
ZFX,Uterine_Corpus_Endometrial_Carcinoma,90,0,49,0
AMBRA1,Uterine_Corpus_Endometrial_Carcinoma,75,10,50,8
PIEZO1,Uterine_Corpus_Endometrial_Carcinoma,160,12,68,12
WNK1,Uterine_Corpus_Endometrial_Carcinoma,112,9,58,9
TBC1D8B,Uterine_Corpus_Endometrial_Carcinoma,144,19,59,17
PPIP5K2,Uterine_Corpus_Endometrial_Carcinoma,81,14,53,14
ZNF99,Uterine_Corpus_Endometrial_Carcinoma,96,12,50,10
CELSR3,Uterine_Corpus_Endometrial_Carcinoma,133,10,62,10
C5orf24,Uterine_Corpus_Endometrial_Carcinoma,67,2,45,2
BAZ2A,Uterine_Corpus_Endometrial_Carcinoma,88,3,50,3
ZBTB40,Uterine_Corpus_Endometrial_Carcinoma,72,4,44,4
NEBL,Uterine_Corpus_Endometrial_Carcinoma,134,26,57,19
JAK1,Uterine_Corpus_Endometrial_Carcinoma,141,68,73,49
TRO,Uterine_Corpus_Endometrial_Carcinoma,130,10,63,8
COL5A1,Uterine_Corpus_Endometrial_Carcinoma,192,27,77,25
CLIP4,Uterine_Corpus_Endometrial_Carcinoma,60,3,44,3
CCDC88B,Uterine_Corpus_Endometrial_Carcinoma,63,5,46,5
MYO3B,Uterine_Corpus_Endometrial_Carcinoma,80,8,45,8
PTCHD2,Uterine_Corpus_Endometrial_Carcinoma,96,8,58,8
CEP170B,Uterine_Corpus_Endometrial_Carcinoma,63,5,44,5
SMARCC1,Uterine_Corpus_Endometrial_Carcinoma,84,14,52,13
NHSL1,Uterine_Corpus_Endometrial_Carcinoma,82,8,50,8
ANKRD34C,Uterine_Corpus_Endometrial_Carcinoma,101,4,48,4
WWC1,Uterine_Corpus_Endometrial_Carcinoma,61,5,47,5
GYLTL1B,Uterine_Corpus_Endometrial_Carcinoma,68,5,44,4
COPA,Uterine_Corpus_Endometrial_Carcinoma,63,10,48,10
MEGF8,Uterine_Corpus_Endometrial_Carcinoma,164,19,75,18
PTPRR,Uterine_Corpus_Endometrial_Carcinoma,86,13,54,12
PCDHA6,Uterine_Corpus_Endometrial_Carcinoma,96,2,58,2
UBA6,Uterine_Corpus_Endometrial_Carcinoma,80,14,46,12
ROCK2,Uterine_Corpus_Endometrial_Carcinoma,91,25,59,22
KCNA5,Uterine_Corpus_Endometrial_Carcinoma,89,3,54,3
KCNT1,Uterine_Corpus_Endometrial_Carcinoma,81,6,45,6
THBS2,Uterine_Corpus_Endometrial_Carcinoma,117,2,64,2
ARHGEF7,Uterine_Corpus_Endometrial_Carcinoma,81,7,52,7
OXR1,Uterine_Corpus_Endometrial_Carcinoma,86,12,54,11
FLRT2,Uterine_Corpus_Endometrial_Carcinoma,161,4,64,4
HSPG2,Uterine_Corpus_Endometrial_Carcinoma,190,13,80,13
INTS3,Uterine_Corpus_Endometrial_Carcinoma,79,5,54,5
RASGRF2,Uterine_Corpus_Endometrial_Carcinoma,101,7,50,7
SOS2,Uterine_Corpus_Endometrial_Carcinoma,67,10,46,9
KIAA1324L,Uterine_Corpus_Endometrial_Carcinoma,83,18,44,14
DCBLD2,Uterine_Corpus_Endometrial_Carcinoma,77,9,48,8
RAP2B,Uterine_Corpus_Endometrial_Carcinoma,91,0,45,0
SEMA3A,Uterine_Corpus_Endometrial_Carcinoma,74,3,45,3
KCNQ3,Uterine_Corpus_Endometrial_Carcinoma,76,8,48,8
WNT5A,Uterine_Corpus_Endometrial_Carcinoma,62,1,44,1
KANSL1L,Uterine_Corpus_Endometrial_Carcinoma,72,11,47,10
PCDHB11,Uterine_Corpus_Endometrial_Carcinoma,91,8,47,7
CNOT6L,Uterine_Corpus_Endometrial_Carcinoma,93,1,51,1
CELSR1,Uterine_Corpus_Endometrial_Carcinoma,185,21,85,18
ZIC1,Uterine_Corpus_Endometrial_Carcinoma,96,3,54,3
DNER,Uterine_Corpus_Endometrial_Carcinoma,86,4,54,3
STIL,Uterine_Corpus_Endometrial_Carcinoma,77,8,45,8
ADCY2,Uterine_Corpus_Endometrial_Carcinoma,117,4,53,4
ADAMTS3,Uterine_Corpus_Endometrial_Carcinoma,127,15,54,15
INO80,Uterine_Corpus_Endometrial_Carcinoma,73,5,44,5
ZC3H12B,Uterine_Corpus_Endometrial_Carcinoma,148,14,62,14
HUNK,Uterine_Corpus_Endometrial_Carcinoma,61,6,45,6
FGD1,Uterine_Corpus_Endometrial_Carcinoma,86,1,47,1
UBR5,Uterine_Corpus_Endometrial_Carcinoma,144,26,66,24
TRAPPC10,Uterine_Corpus_Endometrial_Carcinoma,88,5,44,5
PCDH20,Uterine_Corpus_Endometrial_Carcinoma,92,8,44,8
ZFPM2,Uterine_Corpus_Endometrial_Carcinoma,91,4,51,4
GAPVD1,Uterine_Corpus_Endometrial_Carcinoma,98,11,56,11
RNF128,Uterine_Corpus_Endometrial_Carcinoma,78,7,45,6
PCDH17,Uterine_Corpus_Endometrial_Carcinoma,195,5,78,5
MAP3K1,Uterine_Corpus_Endometrial_Carcinoma,89,36,60,33
CADPS,Uterine_Corpus_Endometrial_Carcinoma,131,15,66,13
ASCC3,Uterine_Corpus_Endometrial_Carcinoma,128,20,58,18
ZMYM3,Uterine_Corpus_Endometrial_Carcinoma,143,16,68,16
PZP,Uterine_Corpus_Endometrial_Carcinoma,102,10,49,10
RBM25,Uterine_Corpus_Endometrial_Carcinoma,74,8,45,8
KIF16B,Uterine_Corpus_Endometrial_Carcinoma,112,12,53,10
LZTR1,Uterine_Corpus_Endometrial_Carcinoma,62,8,44,6
PRUNE2,Uterine_Corpus_Endometrial_Carcinoma,165,11,64,10
TIAM2,Uterine_Corpus_Endometrial_Carcinoma,108,8,58,8
CRAMP1L,Uterine_Corpus_Endometrial_Carcinoma,69,7,47,7
SPATA31E1,Uterine_Corpus_Endometrial_Carcinoma,78,6,50,6
MYH15,Uterine_Corpus_Endometrial_Carcinoma,110,12,53,12
KIAA1755,Uterine_Corpus_Endometrial_Carcinoma,73,6,49,6
FBXO10,Uterine_Corpus_Endometrial_Carcinoma,61,7,45,7
ITGAV,Uterine_Corpus_Endometrial_Carcinoma,71,12,49,10
CAND1,Uterine_Corpus_Endometrial_Carcinoma,74,7,45,7
TNKS1BP1,Uterine_Corpus_Endometrial_Carcinoma,91,9,45,9
EXPH5,Uterine_Corpus_Endometrial_Carcinoma,102,13,53,12
SORL1,Uterine_Corpus_Endometrial_Carcinoma,122,13,63,13
SETBP1,Uterine_Corpus_Endometrial_Carcinoma,100,5,55,5
USP40,Uterine_Corpus_Endometrial_Carcinoma,92,14,49,14
CLASP2,Uterine_Corpus_Endometrial_Carcinoma,132,16,61,14
MMRN1,Uterine_Corpus_Endometrial_Carcinoma,82,6,46,6
MAP2,Uterine_Corpus_Endometrial_Carcinoma,161,19,56,16
RB1CC1,Uterine_Corpus_Endometrial_Carcinoma,119,21,57,18
RASAL2,Uterine_Corpus_Endometrial_Carcinoma,88,9,54,8
SFI1,Uterine_Corpus_Endometrial_Carcinoma,62,14,44,13
NOS2,Uterine_Corpus_Endometrial_Carcinoma,84,5,48,5
SRPR,Uterine_Corpus_Endometrial_Carcinoma,65,9,50,9
UTP20,Uterine_Corpus_Endometrial_Carcinoma,151,22,69,21
ABHD2,Uterine_Corpus_Endometrial_Carcinoma,85,1,48,1
NCAPG,Uterine_Corpus_Endometrial_Carcinoma,79,10,48,9
MLLT3,Uterine_Corpus_Endometrial_Carcinoma,55,2,44,1
PKHD1L1,Uterine_Corpus_Endometrial_Carcinoma,225,30,78,25
FRAS1,Uterine_Corpus_Endometrial_Carcinoma,167,18,73,16
CASZ1,Uterine_Corpus_Endometrial_Carcinoma,124,2,69,2
PKN2,Uterine_Corpus_Endometrial_Carcinoma,84,14,46,12
ADAM29,Uterine_Corpus_Endometrial_Carcinoma,83,11,46,10
FILIP1,Uterine_Corpus_Endometrial_Carcinoma,91,16,51,15
CDH9,Uterine_Corpus_Endometrial_Carcinoma,100,4,48,4
DMTN,Uterine_Corpus_Endometrial_Carcinoma,66,6,48,6
CDKL5,Uterine_Corpus_Endometrial_Carcinoma,102,6,53,6
PHLPP1,Uterine_Corpus_Endometrial_Carcinoma,72,8,49,7
PCLO,Uterine_Corpus_Endometrial_Carcinoma,316,55,95,43
MYH1,Uterine_Corpus_Endometrial_Carcinoma,123,16,57,16
FAM129A,Uterine_Corpus_Endometrial_Carcinoma,73,6,46,5
IFT172,Uterine_Corpus_Endometrial_Carcinoma,73,6,44,6
TUBGCP2,Uterine_Corpus_Endometrial_Carcinoma,68,8,45,7
MAP10,Uterine_Corpus_Endometrial_Carcinoma,95,5,48,5
TRIM51,Uterine_Corpus_Endometrial_Carcinoma,67,17,49,16
HSPA12A,Uterine_Corpus_Endometrial_Carcinoma,77,4,44,4
ZEB1,Uterine_Corpus_Endometrial_Carcinoma,83,13,52,12
GRIK2,Uterine_Corpus_Endometrial_Carcinoma,104,11,48,11
CRIM1,Uterine_Corpus_Endometrial_Carcinoma,103,12,60,11
ABCC1,Uterine_Corpus_Endometrial_Carcinoma,94,9,50,9
DOCK11,Uterine_Corpus_Endometrial_Carcinoma,193,31,74,25
ASMTL,Uterine_Corpus_Endometrial_Carcinoma,79,7,51,7
STAG1,Uterine_Corpus_Endometrial_Carcinoma,87,11,51,11
SHANK2,Uterine_Corpus_Endometrial_Carcinoma,157,12,73,12
RGSL1,Uterine_Corpus_Endometrial_Carcinoma,81,12,44,11
FLG2,Uterine_Corpus_Endometrial_Carcinoma,123,6,57,6
PTPRU,Uterine_Corpus_Endometrial_Carcinoma,86,2,52,2
ATRX,Uterine_Corpus_Endometrial_Carcinoma,323,36,88,29
NYAP2,Uterine_Corpus_Endometrial_Carcinoma,76,3,54,3
CACNA1G,Uterine_Corpus_Endometrial_Carcinoma,123,6,63,6
ANKRD26,Uterine_Corpus_Endometrial_Carcinoma,93,27,58,24
SMG6,Uterine_Corpus_Endometrial_Carcinoma,80,4,46,4
ANAPC1,Uterine_Corpus_Endometrial_Carcinoma,81,9,47,9
GRIA2,Uterine_Corpus_Endometrial_Carcinoma,113,7,55,7
RNF165,Uterine_Corpus_Endometrial_Carcinoma,95,6,54,5
KDM5B,Uterine_Corpus_Endometrial_Carcinoma,100,9,51,8
CSNK1A1,Uterine_Corpus_Endometrial_Carcinoma,58,2,45,2
ADAMTS14,Uterine_Corpus_Endometrial_Carcinoma,85,10,47,9
EFCAB5,Uterine_Corpus_Endometrial_Carcinoma,96,11,49,10
NOTCH4,Uterine_Corpus_Endometrial_Carcinoma,81,8,49,8
KIAA0556,Uterine_Corpus_Endometrial_Carcinoma,72,7,45,6
DHX57,Uterine_Corpus_Endometrial_Carcinoma,89,3,49,3
SEC24C,Uterine_Corpus_Endometrial_Carcinoma,61,7,46,7
VPS13C,Uterine_Corpus_Endometrial_Carcinoma,179,41,60,28
KIAA1024,Uterine_Corpus_Endometrial_Carcinoma,112,20,59,20
ADAMTSL3,Uterine_Corpus_Endometrial_Carcinoma,120,10,56,8
DPP4,Uterine_Corpus_Endometrial_Carcinoma,94,9,55,7
FAM47C,Uterine_Corpus_Endometrial_Carcinoma,124,12,65,12
PLCG2,Uterine_Corpus_Endometrial_Carcinoma,94,10,49,10
VCPIP1,Uterine_Corpus_Endometrial_Carcinoma,83,8,45,8
PTPRK,Uterine_Corpus_Endometrial_Carcinoma,101,8,53,8
ITPR2,Uterine_Corpus_Endometrial_Carcinoma,156,25,72,18
DNAH5,Uterine_Corpus_Endometrial_Carcinoma,327,40,95,32
KHDRBS2,Uterine_Corpus_Endometrial_Carcinoma,68,7,45,7
SLC23A2,Uterine_Corpus_Endometrial_Carcinoma,81,5,52,5
PCNT,Uterine_Corpus_Endometrial_Carcinoma,152,13,69,11
CEP350,Uterine_Corpus_Endometrial_Carcinoma,156,26,78,25
ZNF532,Uterine_Corpus_Endometrial_Carcinoma,87,8,48,8
SLTM,Uterine_Corpus_Endometrial_Carcinoma,83,12,48,11
CAPN6,Uterine_Corpus_Endometrial_Carcinoma,84,6,54,6
WWC2,Uterine_Corpus_Endometrial_Carcinoma,82,14,53,13
MYCBP2,Uterine_Corpus_Endometrial_Carcinoma,250,38,74,22
COL6A3,Uterine_Corpus_Endometrial_Carcinoma,215,21,76,19
RNF2,Uterine_Corpus_Endometrial_Carcinoma,66,1,44,1
MTR,Uterine_Corpus_Endometrial_Carcinoma,77,4,46,4
TICRR,Uterine_Corpus_Endometrial_Carcinoma,79,12,48,11
PTPRT,Uterine_Corpus_Endometrial_Carcinoma,141,13,75,13
CDH4,Uterine_Corpus_Endometrial_Carcinoma,77,2,46,2
ARHGEF11,Uterine_Corpus_Endometrial_Carcinoma,108,11,54,10
IRS4,Uterine_Corpus_Endometrial_Carcinoma,122,11,66,11
SRRT,Uterine_Corpus_Endometrial_Carcinoma,67,8,50,8
ITPR3,Uterine_Corpus_Endometrial_Carcinoma,140,6,67,5
ZNF275,Uterine_Corpus_Endometrial_Carcinoma,126,1,59,1
CACNA1F,Uterine_Corpus_Endometrial_Carcinoma,179,27,72,23
DGKD,Uterine_Corpus_Endometrial_Carcinoma,81,7,46,6
RP11-1055B8.7,Uterine_Corpus_Endometrial_Carcinoma,95,4,52,4
NRXN1,Uterine_Corpus_Endometrial_Carcinoma,210,14,79,13
ZNF175,Uterine_Corpus_Endometrial_Carcinoma,73,7,44,7
USP27X,Uterine_Corpus_Endometrial_Carcinoma,73,1,48,1
KIAA1429,Uterine_Corpus_Endometrial_Carcinoma,88,19,44,18
COBLL1,Uterine_Corpus_Endometrial_Carcinoma,73,7,46,7
CEP250,Uterine_Corpus_Endometrial_Carcinoma,81,11,47,10
FZD6,Uterine_Corpus_Endometrial_Carcinoma,63,5,45,5
GOLGA4,Uterine_Corpus_Endometrial_Carcinoma,115,19,49,18
ZMYM2,Uterine_Corpus_Endometrial_Carcinoma,109,30,64,29
CUBN,Uterine_Corpus_Endometrial_Carcinoma,190,14,81,14
MYH6,Uterine_Corpus_Endometrial_Carcinoma,150,6,71,5
CROCC,Uterine_Corpus_Endometrial_Carcinoma,103,12,61,11
AMER1,Uterine_Corpus_Endometrial_Carcinoma,128,9,64,9
ATP10D,Uterine_Corpus_Endometrial_Carcinoma,86,18,54,18
TRPC3,Uterine_Corpus_Endometrial_Carcinoma,78,9,45,7
DACT1,Uterine_Corpus_Endometrial_Carcinoma,91,3,57,3
NPHP4,Uterine_Corpus_Endometrial_Carcinoma,83,2,56,2
LTBP2,Uterine_Corpus_Endometrial_Carcinoma,107,12,59,12
HEPH,Uterine_Corpus_Endometrial_Carcinoma,120,12,53,10
KCNH4,Uterine_Corpus_Endometrial_Carcinoma,67,12,46,12
CHD9,Uterine_Corpus_Endometrial_Carcinoma,171,21,67,19
HIVEP1,Uterine_Corpus_Endometrial_Carcinoma,124,13,62,13
MGAT3,Uterine_Corpus_Endometrial_Carcinoma,86,3,49,3
NEB,Uterine_Corpus_Endometrial_Carcinoma,475,62,101,45
ABCA6,Uterine_Corpus_Endometrial_Carcinoma,124,22,47,21
FOXN3,Uterine_Corpus_Endometrial_Carcinoma,86,4,52,4
PRKG1,Uterine_Corpus_Endometrial_Carcinoma,85,6,49,5
TEX2,Uterine_Corpus_Endometrial_Carcinoma,78,8,49,7
DSEL,Uterine_Corpus_Endometrial_Carcinoma,146,12,56,11
DNAH11,Uterine_Corpus_Endometrial_Carcinoma,322,53,87,40
EPHA4,Uterine_Corpus_Endometrial_Carcinoma,137,10,54,10
SOX6,Uterine_Corpus_Endometrial_Carcinoma,97,12,63,10
RGS3,Uterine_Corpus_Endometrial_Carcinoma,81,5,46,5
GPRASP1,Uterine_Corpus_Endometrial_Carcinoma,114,11,55,11
SGOL2,Uterine_Corpus_Endometrial_Carcinoma,78,16,45,14
CELF2,Uterine_Corpus_Endometrial_Carcinoma,105,2,53,2
PCDHGB2,Uterine_Corpus_Endometrial_Carcinoma,78,3,45,3
GRM7,Uterine_Corpus_Endometrial_Carcinoma,143,9,63,9
RET,Uterine_Corpus_Endometrial_Carcinoma,120,7,60,6
NPAT,Uterine_Corpus_Endometrial_Carcinoma,89,7,49,7
KANSL1,Uterine_Corpus_Endometrial_Carcinoma,108,26,72,25
TNKS,Uterine_Corpus_Endometrial_Carcinoma,98,18,54,17
COL11A2,Uterine_Corpus_Endometrial_Carcinoma,89,11,46,10
VPS13A,Uterine_Corpus_Endometrial_Carcinoma,186,42,71,33
ALS2,Uterine_Corpus_Endometrial_Carcinoma,84,8,50,8
PITPNM2,Uterine_Corpus_Endometrial_Carcinoma,90,5,56,5
EIF2AK4,Uterine_Corpus_Endometrial_Carcinoma,71,8,45,8
NF1,Uterine_Corpus_Endometrial_Carcinoma,206,57,84,35
ZFYVE9,Uterine_Corpus_Endometrial_Carcinoma,72,11,45,10
ANTXR2,Uterine_Corpus_Endometrial_Carcinoma,63,5,44,5
HUWE1,Uterine_Corpus_Endometrial_Carcinoma,343,24,97,19
TEK,Uterine_Corpus_Endometrial_Carcinoma,82,12,49,12
SIK3,Uterine_Corpus_Endometrial_Carcinoma,81,11,49,10
PCDHA1,Uterine_Corpus_Endometrial_Carcinoma,146,5,66,5
CEP152,Uterine_Corpus_Endometrial_Carcinoma,109,20,51,17
PRRC2A,Uterine_Corpus_Endometrial_Carcinoma,89,12,54,11
RICTOR,Uterine_Corpus_Endometrial_Carcinoma,123,7,54,7
SCAF4,Uterine_Corpus_Endometrial_Carcinoma,108,43,69,38
DCAF12L1,Uterine_Corpus_Endometrial_Carcinoma,76,2,48,2
KIAA1210,Uterine_Corpus_Endometrial_Carcinoma,147,8,55,7
PLEKHG3,Uterine_Corpus_Endometrial_Carcinoma,67,1,45,1
DDX60,Uterine_Corpus_Endometrial_Carcinoma,102,15,59,14
ATP13A4,Uterine_Corpus_Endometrial_Carcinoma,75,13,46,12
TNPO2,Uterine_Corpus_Endometrial_Carcinoma,66,9,49,9
MKRN3,Uterine_Corpus_Endometrial_Carcinoma,85,8,48,8
CYFIP1,Uterine_Corpus_Endometrial_Carcinoma,84,5,45,5
SYT15,Uterine_Corpus_Endometrial_Carcinoma,84,5,44,5
ABCA10,Uterine_Corpus_Endometrial_Carcinoma,112,21,47,18
PIK3C2A,Uterine_Corpus_Endometrial_Carcinoma,95,17,50,16
HLTF,Uterine_Corpus_Endometrial_Carcinoma,66,6,45,6
DNAH2,Uterine_Corpus_Endometrial_Carcinoma,260,35,86,31
MYO5B,Uterine_Corpus_Endometrial_Carcinoma,83,10,49,9
MROH2B,Uterine_Corpus_Endometrial_Carcinoma,137,22,65,20
SPTY2D1,Uterine_Corpus_Endometrial_Carcinoma,83,16,48,16
ADAMTS5,Uterine_Corpus_Endometrial_Carcinoma,115,5,57,5
NGEF,Uterine_Corpus_Endometrial_Carcinoma,77,7,47,6
TMC3,Uterine_Corpus_Endometrial_Carcinoma,78,12,45,12
CPXM2,Uterine_Corpus_Endometrial_Carcinoma,69,5,45,4
FBLN2,Uterine_Corpus_Endometrial_Carcinoma,79,5,45,5
CPS1,Uterine_Corpus_Endometrial_Carcinoma,87,14,44,11
HELZ,Uterine_Corpus_Endometrial_Carcinoma,135,5,63,5
MYH10,Uterine_Corpus_Endometrial_Carcinoma,131,9,62,8
BAI2,Uterine_Corpus_Endometrial_Carcinoma,85,8,55,8
CLCN1,Uterine_Corpus_Endometrial_Carcinoma,72,5,44,5
ALS2CR11,Uterine_Corpus_Endometrial_Carcinoma,143,24,65,22
GRIK4,Uterine_Corpus_Endometrial_Carcinoma,54,6,44,6
TMTC3,Uterine_Corpus_Endometrial_Carcinoma,68,14,49,12
C10orf71,Uterine_Corpus_Endometrial_Carcinoma,64,1,44,1
THSD7A,Uterine_Corpus_Endometrial_Carcinoma,104,13,50,11
WDR1,Uterine_Corpus_Endometrial_Carcinoma,67,1,44,1
VPS13B,Uterine_Corpus_Endometrial_Carcinoma,203,31,72,28
RC3H1,Uterine_Corpus_Endometrial_Carcinoma,90,15,56,11
LAMA5,Uterine_Corpus_Endometrial_Carcinoma,160,11,64,10
TP53BP1,Uterine_Corpus_Endometrial_Carcinoma,76,19,52,17
MKI67,Uterine_Corpus_Endometrial_Carcinoma,251,27,85,27
PPP1R16B,Uterine_Corpus_Endometrial_Carcinoma,68,2,44,2
CCDC73,Uterine_Corpus_Endometrial_Carcinoma,113,51,50,36
USP31,Uterine_Corpus_Endometrial_Carcinoma,106,2,54,2
SI,Uterine_Corpus_Endometrial_Carcinoma,205,31,75,28
MDGA1,Uterine_Corpus_Endometrial_Carcinoma,79,4,55,4
F13B,Uterine_Corpus_Endometrial_Carcinoma,67,7,44,7
PLCE1,Uterine_Corpus_Endometrial_Carcinoma,144,13,59,12
JARID2,Uterine_Corpus_Endometrial_Carcinoma,111,16,63,16
MCF2,Uterine_Corpus_Endometrial_Carcinoma,152,20,63,17
NLGN4X,Uterine_Corpus_Endometrial_Carcinoma,87,4,56,4
ADRA2A,Uterine_Corpus_Endometrial_Carcinoma,71,1,53,1
APLP1,Uterine_Corpus_Endometrial_Carcinoma,58,7,44,6
ST18,Uterine_Corpus_Endometrial_Carcinoma,109,8,54,8
TIMP3,Uterine_Corpus_Endometrial_Carcinoma,66,7,45,7
WHSC1,Uterine_Corpus_Endometrial_Carcinoma,109,7,51,7
ANKRD11,Uterine_Corpus_Endometrial_Carcinoma,162,18,75,17
RFX6,Uterine_Corpus_Endometrial_Carcinoma,83,17,47,14
BCL11B,Uterine_Corpus_Endometrial_Carcinoma,178,2,91,2
SORBS2,Uterine_Corpus_Endometrial_Carcinoma,114,9,70,8
TMEM132E,Uterine_Corpus_Endometrial_Carcinoma,82,4,48,4
PRICKLE2,Uterine_Corpus_Endometrial_Carcinoma,70,0,46,0
MYH7B,Uterine_Corpus_Endometrial_Carcinoma,109,6,58,6
INPPL1,Uterine_Corpus_Endometrial_Carcinoma,119,44,70,37
PALM2AKAP2,Uterine_Corpus_Endometrial_Carcinoma,90,7,50,7
CCDC88C,Uterine_Corpus_Endometrial_Carcinoma,93,3,56,2
TUBGCP6,Uterine_Corpus_Endometrial_Carcinoma,97,11,57,11
SRCAP,Uterine_Corpus_Endometrial_Carcinoma,164,18,78,17
IPO9,Uterine_Corpus_Endometrial_Carcinoma,65,8,46,8
PTPRB,Uterine_Corpus_Endometrial_Carcinoma,137,19,67,18
GPR125,Uterine_Corpus_Endometrial_Carcinoma,83,6,45,6
ADAMTS13,Uterine_Corpus_Endometrial_Carcinoma,95,6,56,5
ELMSAN1,Uterine_Corpus_Endometrial_Carcinoma,95,28,63,27
MAST3,Uterine_Corpus_Endometrial_Carcinoma,70,4,45,4
RFX7,Uterine_Corpus_Endometrial_Carcinoma,113,8,58,8
DNMT3B,Uterine_Corpus_Endometrial_Carcinoma,81,11,51,11
RBM33,Uterine_Corpus_Endometrial_Carcinoma,118,8,59,7
FSIP2,Uterine_Corpus_Endometrial_Carcinoma,217,43,73,36
NBPF1,Uterine_Corpus_Endometrial_Carcinoma,95,10,51,10
NKRF,Uterine_Corpus_Endometrial_Carcinoma,90,0,44,0
KDM5A,Uterine_Corpus_Endometrial_Carcinoma,119,11,65,11
SYTL2,Uterine_Corpus_Endometrial_Carcinoma,147,10,54,10
EFR3A,Uterine_Corpus_Endometrial_Carcinoma,69,10,47,9
OTUD4,Uterine_Corpus_Endometrial_Carcinoma,120,18,54,15
ADAMTS12,Uterine_Corpus_Endometrial_Carcinoma,97,7,48,7
ITGAM,Uterine_Corpus_Endometrial_Carcinoma,69,15,50,13
NOVA1,Uterine_Corpus_Endometrial_Carcinoma,128,10,66,10
MYOCD,Uterine_Corpus_Endometrial_Carcinoma,89,11,53,11
SCN3A,Uterine_Corpus_Endometrial_Carcinoma,180,12,74,11
CELSR2,Uterine_Corpus_Endometrial_Carcinoma,148,9,76,9
REPS2,Uterine_Corpus_Endometrial_Carcinoma,97,8,56,8
AKAP12,Uterine_Corpus_Endometrial_Carcinoma,105,13,61,13
ENPEP,Uterine_Corpus_Endometrial_Carcinoma,94,14,46,13
KIF14,Uterine_Corpus_Endometrial_Carcinoma,116,16,52,13
MORC4,Uterine_Corpus_Endometrial_Carcinoma,98,24,54,23
GLDC,Uterine_Corpus_Endometrial_Carcinoma,83,13,48,12
FSTL5,Uterine_Corpus_Endometrial_Carcinoma,113,17,53,16
MCM3AP,Uterine_Corpus_Endometrial_Carcinoma,110,16,66,16
CRB1,Uterine_Corpus_Endometrial_Carcinoma,144,12,66,8
PSME4,Uterine_Corpus_Endometrial_Carcinoma,94,20,55,19
PCDHGB7,Uterine_Corpus_Endometrial_Carcinoma,77,6,47,6
RPTOR,Uterine_Corpus_Endometrial_Carcinoma,73,4,45,3
ANKS1B,Uterine_Corpus_Endometrial_Carcinoma,112,6,56,6
CMIP,Uterine_Corpus_Endometrial_Carcinoma,70,5,48,5
COL6A2,Uterine_Corpus_Endometrial_Carcinoma,104,6,60,6
MYO1F,Uterine_Corpus_Endometrial_Carcinoma,96,6,54,5
PHLDB1,Uterine_Corpus_Endometrial_Carcinoma,76,5,48,5
CDH1,Uterine_Corpus_Endometrial_Carcinoma,55,7,44,7
SBF2,Uterine_Corpus_Endometrial_Carcinoma,98,12,53,11
PTPRD,Uterine_Corpus_Endometrial_Carcinoma,250,22,86,18
C2orf71,Uterine_Corpus_Endometrial_Carcinoma,78,7,45,6
FNDC3A,Uterine_Corpus_Endometrial_Carcinoma,81,7,46,7
TCF4,Uterine_Corpus_Endometrial_Carcinoma,144,17,72,15
COL18A1,Uterine_Corpus_Endometrial_Carcinoma,86,11,49,11
AGAP1,Uterine_Corpus_Endometrial_Carcinoma,80,4,48,4
BAGE2,Uterine_Corpus_Endometrial_Carcinoma,127,5,61,5
UHRF1BP1L,Uterine_Corpus_Endometrial_Carcinoma,72,10,44,10
RAPGEF6,Uterine_Corpus_Endometrial_Carcinoma,100,15,50,13
UNC13B,Uterine_Corpus_Endometrial_Carcinoma,94,5,52,5
LRP1,Uterine_Corpus_Endometrial_Carcinoma,282,20,94,17
POTEF,Uterine_Corpus_Endometrial_Carcinoma,80,9,51,9
DNMT3A,Uterine_Corpus_Endometrial_Carcinoma,82,1,58,1
MYO6,Uterine_Corpus_Endometrial_Carcinoma,75,9,52,9
KLF12,Uterine_Corpus_Endometrial_Carcinoma,99,4,51,4
ATP11B,Uterine_Corpus_Endometrial_Carcinoma,86,26,48,20
CDON,Uterine_Corpus_Endometrial_Carcinoma,102,9,52,9
TUBGCP3,Uterine_Corpus_Endometrial_Carcinoma,71,5,50,4
TENM4,Uterine_Corpus_Endometrial_Carcinoma,193,9,82,8
VPRBP,Uterine_Corpus_Endometrial_Carcinoma,142,8,67,7
EPB41L3,Uterine_Corpus_Endometrial_Carcinoma,119,13,56,9
GABBR1,Uterine_Corpus_Endometrial_Carcinoma,80,9,48,7
FNDC1,Uterine_Corpus_Endometrial_Carcinoma,137,16,72,14
LIFR,Uterine_Corpus_Endometrial_Carcinoma,123,17,57,13
TAB3,Uterine_Corpus_Endometrial_Carcinoma,140,12,66,8
DAAM2,Uterine_Corpus_Endometrial_Carcinoma,71,4,47,4
ZFC3H1,Uterine_Corpus_Endometrial_Carcinoma,113,17,57,15
DYNC2H1,Uterine_Corpus_Endometrial_Carcinoma,259,50,83,34
SIM1,Uterine_Corpus_Endometrial_Carcinoma,85,3,46,3
FAT1,Uterine_Corpus_Endometrial_Carcinoma,344,46,107,39
MGAM,Uterine_Corpus_Endometrial_Carcinoma,207,23,74,19
SRCIN1,Uterine_Corpus_Endometrial_Carcinoma,63,4,46,4
PEG3,Uterine_Corpus_Endometrial_Carcinoma,146,13,58,10
RBP3,Uterine_Corpus_Endometrial_Carcinoma,96,6,64,6
KIAA1199,Uterine_Corpus_Endometrial_Carcinoma,100,3,49,3
LAMC1,Uterine_Corpus_Endometrial_Carcinoma,91,10,55,8
KIAA1109,Uterine_Corpus_Endometrial_Carcinoma,241,38,78,33
TRAK1,Uterine_Corpus_Endometrial_Carcinoma,78,4,48,4
SMC6,Uterine_Corpus_Endometrial_Carcinoma,66,12,45,12
PAPPA,Uterine_Corpus_Endometrial_Carcinoma,163,10,68,10
ZNF518A,Uterine_Corpus_Endometrial_Carcinoma,115,1,61,1
ATM,Uterine_Corpus_Endometrial_Carcinoma,189,46,82,40
KCNJ12,Uterine_Corpus_Endometrial_Carcinoma,128,3,62,3
AIM1,Uterine_Corpus_Endometrial_Carcinoma,90,11,47,11
ZNF568,Uterine_Corpus_Endometrial_Carcinoma,91,15,47,13
KIAA1107,Uterine_Corpus_Endometrial_Carcinoma,70,7,44,6
TEAD1,Uterine_Corpus_Endometrial_Carcinoma,77,1,50,1
PCDHB10,Uterine_Corpus_Endometrial_Carcinoma,115,6,66,5
CSMD1,Uterine_Corpus_Endometrial_Carcinoma,315,31,100,24
MARK1,Uterine_Corpus_Endometrial_Carcinoma,84,12,47,10
SOGA1,Uterine_Corpus_Endometrial_Carcinoma,70,4,50,4
NLRP12,Uterine_Corpus_Endometrial_Carcinoma,85,4,46,3
ATAD2B,Uterine_Corpus_Endometrial_Carcinoma,88,16,52,16
FHOD3,Uterine_Corpus_Endometrial_Carcinoma,96,15,52,15
ABCA4,Uterine_Corpus_Endometrial_Carcinoma,118,18,59,17
KIF21B,Uterine_Corpus_Endometrial_Carcinoma,148,6,73,6
PRKCE,Uterine_Corpus_Endometrial_Carcinoma,96,6,56,6
BTBD7,Uterine_Corpus_Endometrial_Carcinoma,117,14,71,14
TBX5,Uterine_Corpus_Endometrial_Carcinoma,87,7,52,7
ZFP36L1,Uterine_Corpus_Endometrial_Carcinoma,55,7,48,7
OLFML2B,Uterine_Corpus_Endometrial_Carcinoma,85,8,52,8
LRRK2,Uterine_Corpus_Endometrial_Carcinoma,222,41,79,29
ZMIZ1,Uterine_Corpus_Endometrial_Carcinoma,136,11,58,11
DLEC1,Uterine_Corpus_Endometrial_Carcinoma,97,10,52,10
TDRD6,Uterine_Corpus_Endometrial_Carcinoma,106,11,59,10
MASP1,Uterine_Corpus_Endometrial_Carcinoma,100,3,54,3
NEO1,Uterine_Corpus_Endometrial_Carcinoma,92,9,58,9
ERN2,Uterine_Corpus_Endometrial_Carcinoma,58,11,47,10
ZFYVE16,Uterine_Corpus_Endometrial_Carcinoma,89,13,53,12
OFD1,Uterine_Corpus_Endometrial_Carcinoma,95,17,48,13
PAK3,Uterine_Corpus_Endometrial_Carcinoma,73,7,44,7
ONECUT2,Uterine_Corpus_Endometrial_Carcinoma,145,1,68,1
AP1G1,Uterine_Corpus_Endometrial_Carcinoma,85,7,55,7
LIN28B,Uterine_Corpus_Endometrial_Carcinoma,92,1,48,1
ZNF665,Uterine_Corpus_Endometrial_Carcinoma,55,3,44,3
KAT6A,Uterine_Corpus_Endometrial_Carcinoma,124,5,62,5
TLK1,Uterine_Corpus_Endometrial_Carcinoma,82,4,49,3
NRXN3,Uterine_Corpus_Endometrial_Carcinoma,171,7,68,7
ARHGAP33,Uterine_Corpus_Endometrial_Carcinoma,72,10,47,10
TPO,Uterine_Corpus_Endometrial_Carcinoma,84,8,52,8
PCDHA3,Uterine_Corpus_Endometrial_Carcinoma,100,1,61,1
SLC16A2,Uterine_Corpus_Endometrial_Carcinoma,92,5,46,4
CXorf30,Uterine_Corpus_Endometrial_Carcinoma,75,12,46,12
GLRA2,Uterine_Corpus_Endometrial_Carcinoma,82,4,49,4
MEF2C,Uterine_Corpus_Endometrial_Carcinoma,102,4,58,3
FBXW7,Uterine_Corpus_Endometrial_Carcinoma,134,24,100,23
EYA1,Uterine_Corpus_Endometrial_Carcinoma,91,10,56,10
MED14,Uterine_Corpus_Endometrial_Carcinoma,115,10,61,10
DNAH1,Uterine_Corpus_Endometrial_Carcinoma,208,18,84,15
IGF2R,Uterine_Corpus_Endometrial_Carcinoma,166,16,78,15
PDE4B,Uterine_Corpus_Endometrial_Carcinoma,68,5,44,5
MYO10,Uterine_Corpus_Endometrial_Carcinoma,153,21,73,17
STOX2,Uterine_Corpus_Endometrial_Carcinoma,73,3,45,3
PHRF1,Uterine_Corpus_Endometrial_Carcinoma,96,7,58,7
CKAP5,Uterine_Corpus_Endometrial_Carcinoma,85,6,47,6
MUC5B,Uterine_Corpus_Endometrial_Carcinoma,368,22,121,20
TET3,Uterine_Corpus_Endometrial_Carcinoma,105,7,61,7
LATS2,Uterine_Corpus_Endometrial_Carcinoma,111,4,59,4
ZNF407,Uterine_Corpus_Endometrial_Carcinoma,130,12,63,11
FAM135A,Uterine_Corpus_Endometrial_Carcinoma,121,10,61,9
SLIT3,Uterine_Corpus_Endometrial_Carcinoma,96,10,55,10
PDE1C,Uterine_Corpus_Endometrial_Carcinoma,70,5,48,5
ATP2B4,Uterine_Corpus_Endometrial_Carcinoma,99,10,47,8
HCFC1,Uterine_Corpus_Endometrial_Carcinoma,164,8,79,8
COLEC12,Uterine_Corpus_Endometrial_Carcinoma,80,11,48,10
CENPE,Uterine_Corpus_Endometrial_Carcinoma,132,19,59,18
N4BP2,Uterine_Corpus_Endometrial_Carcinoma,70,12,44,12
MXRA5,Uterine_Corpus_Endometrial_Carcinoma,196,12,71,12
AHNAK,Uterine_Corpus_Endometrial_Carcinoma,271,16,91,16
MAP3K15,Uterine_Corpus_Endometrial_Carcinoma,130,19,63,16
SPATA31D1,Uterine_Corpus_Endometrial_Carcinoma,95,13,49,12
IDS,Uterine_Corpus_Endometrial_Carcinoma,73,8,46,7
HEG1,Uterine_Corpus_Endometrial_Carcinoma,84,7,50,5
ZBTB41,Uterine_Corpus_Endometrial_Carcinoma,156,10,74,10
ZNF518B,Uterine_Corpus_Endometrial_Carcinoma,93,5,53,5
DAB2IP,Uterine_Corpus_Endometrial_Carcinoma,90,5,49,5
HECW2,Uterine_Corpus_Endometrial_Carcinoma,152,19,66,18
PCDHGA10,Uterine_Corpus_Endometrial_Carcinoma,71,2,45,2
SRGAP1,Uterine_Corpus_Endometrial_Carcinoma,65,9,45,9
CTNNB1,Uterine_Corpus_Endometrial_Carcinoma,149,2,115,2
CNTNAP5,Uterine_Corpus_Endometrial_Carcinoma,169,19,68,17
GIPC3,Uterine_Corpus_Endometrial_Carcinoma,84,3,45,3
MSH3,Uterine_Corpus_Endometrial_Carcinoma,64,21,47,20
PDGFRA,Uterine_Corpus_Endometrial_Carcinoma,146,11,60,9
PTPRS,Uterine_Corpus_Endometrial_Carcinoma,94,5,50,4
ARHGEF6,Uterine_Corpus_Endometrial_Carcinoma,93,12,48,10
DOCK1,Uterine_Corpus_Endometrial_Carcinoma,164,22,75,20
RNF43,Uterine_Corpus_Endometrial_Carcinoma,108,59,80,52
MTF1,Uterine_Corpus_Endometrial_Carcinoma,75,4,45,4
LRRC16B,Uterine_Corpus_Endometrial_Carcinoma,83,9,53,8
BZRAP1,Uterine_Corpus_Endometrial_Carcinoma,106,4,54,4
SMARCA2,Uterine_Corpus_Endometrial_Carcinoma,108,6,59,6
CDHR2,Uterine_Corpus_Endometrial_Carcinoma,90,11,50,9
COL12A1,Uterine_Corpus_Endometrial_Carcinoma,176,22,64,18
PLCL1,Uterine_Corpus_Endometrial_Carcinoma,93,11,49,9
KIAA1549,Uterine_Corpus_Endometrial_Carcinoma,95,11,56,11
DPYD,Uterine_Corpus_Endometrial_Carcinoma,90,11,46,11
FAM19A5,Uterine_Corpus_Endometrial_Carcinoma,86,2,44,2
ALPK3,Uterine_Corpus_Endometrial_Carcinoma,106,10,63,10
SLC44A1,Uterine_Corpus_Endometrial_Carcinoma,70,5,54,5
PCDHB18,Uterine_Corpus_Endometrial_Carcinoma,103,0,51,0
NPR2,Uterine_Corpus_Endometrial_Carcinoma,73,12,45,11
ROS1,Uterine_Corpus_Endometrial_Carcinoma,163,24,66,21
SATB2,Uterine_Corpus_Endometrial_Carcinoma,94,4,56,4
HECTD1,Uterine_Corpus_Endometrial_Carcinoma,100,18,58,16
FCGBP,Uterine_Corpus_Endometrial_Carcinoma,244,6,93,6
TBC1D8,Uterine_Corpus_Endometrial_Carcinoma,76,11,48,9
DENND4C,Uterine_Corpus_Endometrial_Carcinoma,110,10,56,8
VPS13D,Uterine_Corpus_Endometrial_Carcinoma,181,21,75,20
CSNK1G3,Uterine_Corpus_Endometrial_Carcinoma,70,5,44,5
TCHH,Uterine_Corpus_Endometrial_Carcinoma,71,5,51,5
KIAA2018,Uterine_Corpus_Endometrial_Carcinoma,122,9,67,8
RASA1,Uterine_Corpus_Endometrial_Carcinoma,103,38,55,28
RAI1,Uterine_Corpus_Endometrial_Carcinoma,103,9,62,9
TLN1,Uterine_Corpus_Endometrial_Carcinoma,109,10,55,10
NOTCH1,Uterine_Corpus_Endometrial_Carcinoma,135,6,71,6
DCHS1,Uterine_Corpus_Endometrial_Carcinoma,213,17,89,15
GOLGA3,Uterine_Corpus_Endometrial_Carcinoma,87,4,54,3
PDE3B,Uterine_Corpus_Endometrial_Carcinoma,90,13,46,12
ARHGAP32,Uterine_Corpus_Endometrial_Carcinoma,128,13,62,12
WDR17,Uterine_Corpus_Endometrial_Carcinoma,101,14,46,12
MTMR3,Uterine_Corpus_Endometrial_Carcinoma,67,15,48,15
GRM8,Uterine_Corpus_Endometrial_Carcinoma,108,14,59,12
GRIK1,Uterine_Corpus_Endometrial_Carcinoma,87,11,49,10
CACNA1I,Uterine_Corpus_Endometrial_Carcinoma,107,10,60,8
ABCB4,Uterine_Corpus_Endometrial_Carcinoma,125,24,56,20
GABRA4,Uterine_Corpus_Endometrial_Carcinoma,78,7,53,7
POLE,Uterine_Corpus_Endometrial_Carcinoma,178,8,75,7
EFCAB6,Uterine_Corpus_Endometrial_Carcinoma,109,16,55,11
KIF26B,Uterine_Corpus_Endometrial_Carcinoma,163,9,75,8
PLXNB3,Uterine_Corpus_Endometrial_Carcinoma,137,8,70,8
ZFHX3,Uterine_Corpus_Endometrial_Carcinoma,343,68,120,56
ADCY1,Uterine_Corpus_Endometrial_Carcinoma,107,5,54,5
STS,Uterine_Corpus_Endometrial_Carcinoma,62,5,44,5
NLRP4,Uterine_Corpus_Endometrial_Carcinoma,88,9,45,8
IGSF3,Uterine_Corpus_Endometrial_Carcinoma,93,4,54,4
NEURL4,Uterine_Corpus_Endometrial_Carcinoma,91,12,51,12
MTM1,Uterine_Corpus_Endometrial_Carcinoma,84,16,52,15
BRD3,Uterine_Corpus_Endometrial_Carcinoma,85,4,57,4
MET,Uterine_Corpus_Endometrial_Carcinoma,102,9,54,9
MYH7,Uterine_Corpus_Endometrial_Carcinoma,153,8,76,8
PHF8,Uterine_Corpus_Endometrial_Carcinoma,114,3,65,3
EPAS1,Uterine_Corpus_Endometrial_Carcinoma,78,6,52,6
EPHB1,Uterine_Corpus_Endometrial_Carcinoma,130,8,70,8
SCAND3,Uterine_Corpus_Endometrial_Carcinoma,111,12,49,10
ZNF638,Uterine_Corpus_Endometrial_Carcinoma,109,12,48,12
STC1,Uterine_Corpus_Endometrial_Carcinoma,72,0,47,0
EIF5A2,Uterine_Corpus_Endometrial_Carcinoma,85,1,44,1
SLIT1,Uterine_Corpus_Endometrial_Carcinoma,89,1,49,1
MED13L,Uterine_Corpus_Endometrial_Carcinoma,164,19,79,18
BHLHB9,Uterine_Corpus_Endometrial_Carcinoma,77,4,47,4
FAT4,Uterine_Corpus_Endometrial_Carcinoma,403,41,107,33
TNR,Uterine_Corpus_Endometrial_Carcinoma,92,4,49,4
SLC12A5,Uterine_Corpus_Endometrial_Carcinoma,80,5,48,5
TNN,Uterine_Corpus_Endometrial_Carcinoma,77,8,49,8
ASXL2,Uterine_Corpus_Endometrial_Carcinoma,74,10,51,9
ARHGAP31,Uterine_Corpus_Endometrial_Carcinoma,87,6,45,6
DAXX,Uterine_Corpus_Endometrial_Carcinoma,73,2,45,2
TRIB2,Uterine_Corpus_Endometrial_Carcinoma,79,2,47,2
SYMPK,Uterine_Corpus_Endometrial_Carcinoma,67,7,48,7
DMXL1,Uterine_Corpus_Endometrial_Carcinoma,193,21,76,18
FANCA,Uterine_Corpus_Endometrial_Carcinoma,76,6,46,6
DNMBP,Uterine_Corpus_Endometrial_Carcinoma,78,7,46,6
NLRC5,Uterine_Corpus_Endometrial_Carcinoma,88,10,50,10
LRP5,Uterine_Corpus_Endometrial_Carcinoma,82,3,45,3
BTBD3,Uterine_Corpus_Endometrial_Carcinoma,61,2,44,2
MAN2A1,Uterine_Corpus_Endometrial_Carcinoma,90,14,53,14
SRGAP3,Uterine_Corpus_Endometrial_Carcinoma,83,2,51,2
COL6A5,Uterine_Corpus_Endometrial_Carcinoma,182,34,68,26
RFX4,Uterine_Corpus_Endometrial_Carcinoma,79,7,49,6
MYT1,Uterine_Corpus_Endometrial_Carcinoma,115,4,66,4
PGBD5,Uterine_Corpus_Endometrial_Carcinoma,75,4,55,4
PPARGC1A,Uterine_Corpus_Endometrial_Carcinoma,107,1,51,1
EIF2AK3,Uterine_Corpus_Endometrial_Carcinoma,72,12,52,11
ADAMTS20,Uterine_Corpus_Endometrial_Carcinoma,124,16,56,12
TET2,Uterine_Corpus_Endometrial_Carcinoma,148,14,59,14
IGDCC4,Uterine_Corpus_Endometrial_Carcinoma,75,5,49,5
MED12L,Uterine_Corpus_Endometrial_Carcinoma,164,27,69,20
IGFN1,Uterine_Corpus_Endometrial_Carcinoma,88,1,48,1
BAZ1A,Uterine_Corpus_Endometrial_Carcinoma,74,12,45,10
KIAA0586,Uterine_Corpus_Endometrial_Carcinoma,97,19,50,19
MYO15A,Uterine_Corpus_Endometrial_Carcinoma,170,12,77,11
NOS3,Uterine_Corpus_Endometrial_Carcinoma,110,9,63,9
DENND5A,Uterine_Corpus_Endometrial_Carcinoma,68,5,47,5
MYH2,Uterine_Corpus_Endometrial_Carcinoma,141,15,56,14
GABRB3,Uterine_Corpus_Endometrial_Carcinoma,131,4,59,4
CACNA2D3,Uterine_Corpus_Endometrial_Carcinoma,98,15,51,14
CNTN5,Uterine_Corpus_Endometrial_Carcinoma,78,12,48,10
QRICH2,Uterine_Corpus_Endometrial_Carcinoma,74,5,48,4
EFHB,Uterine_Corpus_Endometrial_Carcinoma,88,11,45,9
PABPC3,Uterine_Corpus_Endometrial_Carcinoma,75,4,45,4
EVPL,Uterine_Corpus_Endometrial_Carcinoma,74,9,52,9
ZNF236,Uterine_Corpus_Endometrial_Carcinoma,110,18,61,18
SULF2,Uterine_Corpus_Endometrial_Carcinoma,94,5,59,5
AK9,Uterine_Corpus_Endometrial_Carcinoma,132,15,61,14
ABCA9,Uterine_Corpus_Endometrial_Carcinoma,97,20,53,18
TRPM8,Uterine_Corpus_Endometrial_Carcinoma,97,13,53,13
AFAP1,Uterine_Corpus_Endometrial_Carcinoma,77,7,50,7
SORCS1,Uterine_Corpus_Endometrial_Carcinoma,162,15,76,13
NCOA7,Uterine_Corpus_Endometrial_Carcinoma,88,8,53,8
RRP12,Uterine_Corpus_Endometrial_Carcinoma,71,6,48,5
ZNF493,Uterine_Corpus_Endometrial_Carcinoma,117,6,54,6
ARPP21,Uterine_Corpus_Endometrial_Carcinoma,133,9,58,9
LATS1,Uterine_Corpus_Endometrial_Carcinoma,74,15,46,13
CIT,Uterine_Corpus_Endometrial_Carcinoma,179,17,87,14
LMO7,Uterine_Corpus_Endometrial_Carcinoma,103,7,57,7
ZCCHC11,Uterine_Corpus_Endometrial_Carcinoma,104,20,51,16
FARP1,Uterine_Corpus_Endometrial_Carcinoma,75,8,48,8
NR3C2,Uterine_Corpus_Endometrial_Carcinoma,113,7,49,6
PLXNB1,Uterine_Corpus_Endometrial_Carcinoma,89,8,51,7
ADCY4,Uterine_Corpus_Endometrial_Carcinoma,75,4,47,4
PCDH19,Uterine_Corpus_Endometrial_Carcinoma,205,18,85,16
PIK3C2B,Uterine_Corpus_Endometrial_Carcinoma,108,11,61,11
TRPC7,Uterine_Corpus_Endometrial_Carcinoma,78,6,48,5
SND1,Uterine_Corpus_Endometrial_Carcinoma,106,15,52,13
FAM83B,Uterine_Corpus_Endometrial_Carcinoma,95,9,50,8
C2,Uterine_Corpus_Endometrial_Carcinoma,67,10,45,10
TTC40,Uterine_Corpus_Endometrial_Carcinoma,134,14,65,13
SMARCC2,Uterine_Corpus_Endometrial_Carcinoma,69,12,44,12
SLC6A1,Uterine_Corpus_Endometrial_Carcinoma,83,1,51,1
HIVEP3,Uterine_Corpus_Endometrial_Carcinoma,144,12,68,12
ZNF646,Uterine_Corpus_Endometrial_Carcinoma,94,5,55,5
CTCF,Uterine_Corpus_Endometrial_Carcinoma,162,77,113,72
NCOR2,Uterine_Corpus_Endometrial_Carcinoma,165,28,77,26
B3GNT5,Uterine_Corpus_Endometrial_Carcinoma,89,7,57,7
SYNM,Uterine_Corpus_Endometrial_Carcinoma,100,10,55,8
SLC4A7,Uterine_Corpus_Endometrial_Carcinoma,96,12,48,12
DMXL2,Uterine_Corpus_Endometrial_Carcinoma,197,27,74,24
GRID2,Uterine_Corpus_Endometrial_Carcinoma,91,12,53,12
SHANK1,Uterine_Corpus_Endometrial_Carcinoma,83,9,51,9
INPP5D,Uterine_Corpus_Endometrial_Carcinoma,62,6,45,6
PPEF2,Uterine_Corpus_Endometrial_Carcinoma,56,5,44,5
SLCO5A1,Uterine_Corpus_Endometrial_Carcinoma,90,8,49,8
ANKRD13C,Uterine_Corpus_Endometrial_Carcinoma,64,9,45,9
FANCM,Uterine_Corpus_Endometrial_Carcinoma,113,21,56,20
SMARCA1,Uterine_Corpus_Endometrial_Carcinoma,129,19,62,19
CEP192,Uterine_Corpus_Endometrial_Carcinoma,125,19,57,18
ABCC11,Uterine_Corpus_Endometrial_Carcinoma,102,10,53,9
PIEZO2,Uterine_Corpus_Endometrial_Carcinoma,192,25,77,24
WDR90,Uterine_Corpus_Endometrial_Carcinoma,79,6,49,6
TRPC5,Uterine_Corpus_Endometrial_Carcinoma,98,6,46,6
NEK10,Uterine_Corpus_Endometrial_Carcinoma,96,13,52,11
ZC3H4,Uterine_Corpus_Endometrial_Carcinoma,75,1,49,1
CRYBG3,Uterine_Corpus_Endometrial_Carcinoma,128,12,48,11
RPS6KA6,Uterine_Corpus_Endometrial_Carcinoma,114,22,53,18
GRIA4,Uterine_Corpus_Endometrial_Carcinoma,166,11,68,10
SOGA2,Uterine_Corpus_Endometrial_Carcinoma,93,4,51,4
GREB1L,Uterine_Corpus_Endometrial_Carcinoma,84,15,54,13
IL16,Uterine_Corpus_Endometrial_Carcinoma,78,8,48,8
ADAMTS18,Uterine_Corpus_Endometrial_Carcinoma,83,7,45,6
GRAMD1B,Uterine_Corpus_Endometrial_Carcinoma,70,3,49,3
PCDHB3,Uterine_Corpus_Endometrial_Carcinoma,87,3,54,3
ACE,Uterine_Corpus_Endometrial_Carcinoma,73,4,45,4
KCNJ2,Uterine_Corpus_Endometrial_Carcinoma,86,1,45,1
SPG11,Uterine_Corpus_Endometrial_Carcinoma,114,17,53,16
ST8SIA3,Uterine_Corpus_Endometrial_Carcinoma,72,3,49,3
LAMA1,Uterine_Corpus_Endometrial_Carcinoma,197,24,82,19
SEMA6A,Uterine_Corpus_Endometrial_Carcinoma,103,7,55,7
TRIM13,Uterine_Corpus_Endometrial_Carcinoma,77,0,46,0
ASAP2,Uterine_Corpus_Endometrial_Carcinoma,62,7,44,7
HCN1,Uterine_Corpus_Endometrial_Carcinoma,153,13,73,12
SHPRH,Uterine_Corpus_Endometrial_Carcinoma,121,20,61,18
MAGED2,Uterine_Corpus_Endometrial_Carcinoma,66,8,49,7
LOXHD1,Uterine_Corpus_Endometrial_Carcinoma,194,10,75,8
ANK3,Uterine_Corpus_Endometrial_Carcinoma,273,38,98,32
PLCB4,Uterine_Corpus_Endometrial_Carcinoma,84,13,44,13
ATP11C,Uterine_Corpus_Endometrial_Carcinoma,192,25,72,21
KIAA0195,Uterine_Corpus_Endometrial_Carcinoma,70,9,46,8
CPEB4,Uterine_Corpus_Endometrial_Carcinoma,80,8,46,8
CD93,Uterine_Corpus_Endometrial_Carcinoma,93,18,66,17
PDE4DIP,Uterine_Corpus_Endometrial_Carcinoma,316,30,94,26
ANK1,Uterine_Corpus_Endometrial_Carcinoma,172,10,75,9
CHST15,Uterine_Corpus_Endometrial_Carcinoma,75,4,47,4
CCNB3,Uterine_Corpus_Endometrial_Carcinoma,133,17,59,12
COL15A1,Uterine_Corpus_Endometrial_Carcinoma,101,9,54,9
MAP3K4,Uterine_Corpus_Endometrial_Carcinoma,94,9,47,6
ITGB8,Uterine_Corpus_Endometrial_Carcinoma,92,5,52,5
DCX,Uterine_Corpus_Endometrial_Carcinoma,144,5,59,5
FANCB,Uterine_Corpus_Endometrial_Carcinoma,84,10,48,9
POLR1A,Uterine_Corpus_Endometrial_Carcinoma,79,8,51,7
ATP2B1,Uterine_Corpus_Endometrial_Carcinoma,106,13,51,11
CREBBP,Uterine_Corpus_Endometrial_Carcinoma,159,17,70,16
PLXNA4,Uterine_Corpus_Endometrial_Carcinoma,175,7,87,7
RSBN1,Uterine_Corpus_Endometrial_Carcinoma,81,4,52,4
EEF2,Uterine_Corpus_Endometrial_Carcinoma,74,3,52,3
HEATR5B,Uterine_Corpus_Endometrial_Carcinoma,98,13,53,11
MYOM1,Uterine_Corpus_Endometrial_Carcinoma,130,14,64,10
HMCN1,Uterine_Corpus_Endometrial_Carcinoma,388,50,92,37
NCOA2,Uterine_Corpus_Endometrial_Carcinoma,92,9,45,9
HSPH1,Uterine_Corpus_Endometrial_Carcinoma,88,15,47,12
IFT140,Uterine_Corpus_Endometrial_Carcinoma,74,8,44,7
POGZ,Uterine_Corpus_Endometrial_Carcinoma,94,12,53,11
TRRAP,Uterine_Corpus_Endometrial_Carcinoma,238,12,92,11
API5,Uterine_Corpus_Endometrial_Carcinoma,68,3,51,3
MYO9B,Uterine_Corpus_Endometrial_Carcinoma,107,7,58,7
MEIS2,Uterine_Corpus_Endometrial_Carcinoma,79,1,48,1
COL4A3,Uterine_Corpus_Endometrial_Carcinoma,138,13,57,11
SMC2,Uterine_Corpus_Endometrial_Carcinoma,60,14,45,14
BTAF1,Uterine_Corpus_Endometrial_Carcinoma,106,13,64,13
CNTRL,Uterine_Corpus_Endometrial_Carcinoma,92,10,56,10
SCN10A,Uterine_Corpus_Endometrial_Carcinoma,141,15,63,14
GPR112,Uterine_Corpus_Endometrial_Carcinoma,281,21,78,19
KPRP,Uterine_Corpus_Endometrial_Carcinoma,67,3,46,3
MAML3,Uterine_Corpus_Endometrial_Carcinoma,85,5,55,5
GRB10,Uterine_Corpus_Endometrial_Carcinoma,65,6,46,6
MSH6,Uterine_Corpus_Endometrial_Carcinoma,120,34,60,28
ABCA8,Uterine_Corpus_Endometrial_Carcinoma,118,15,60,12
CLUH,Uterine_Corpus_Endometrial_Carcinoma,105,8,67,7
ABCA1,Uterine_Corpus_Endometrial_Carcinoma,159,13,60,11
CASK,Uterine_Corpus_Endometrial_Carcinoma,86,4,47,4
MROH7-TTC4,Uterine_Corpus_Endometrial_Carcinoma,78,6,48,6
PDE4D,Uterine_Corpus_Endometrial_Carcinoma,100,6,55,6
NACA,Uterine_Corpus_Endometrial_Carcinoma,74,0,46,0
PKD1L3,Uterine_Corpus_Endometrial_Carcinoma,95,4,50,4
CNTN6,Uterine_Corpus_Endometrial_Carcinoma,140,33,63,27
LPA,Uterine_Corpus_Endometrial_Carcinoma,96,14,54,11
CHD3,Uterine_Corpus_Endometrial_Carcinoma,131,36,81,31
SDK1,Uterine_Corpus_Endometrial_Carcinoma,156,18,75,17
CTR9,Uterine_Corpus_Endometrial_Carcinoma,77,14,49,12
PEG10,Uterine_Corpus_Endometrial_Carcinoma,120,1,59,1
SLC24A3,Uterine_Corpus_Endometrial_Carcinoma,87,3,53,3
BRIP1,Uterine_Corpus_Endometrial_Carcinoma,70,10,45,10
RIMBP2,Uterine_Corpus_Endometrial_Carcinoma,125,6,73,6
COL4A1,Uterine_Corpus_Endometrial_Carcinoma,95,12,51,10
NARG2,Uterine_Corpus_Endometrial_Carcinoma,60,4,49,4
LRP4,Uterine_Corpus_Endometrial_Carcinoma,87,8,50,8
HNRNPU,Uterine_Corpus_Endometrial_Carcinoma,73,7,44,7
SCAF11,Uterine_Corpus_Endometrial_Carcinoma,87,12,47,12
PXDNL,Uterine_Corpus_Endometrial_Carcinoma,128,11,69,10
NOTCH3,Uterine_Corpus_Endometrial_Carcinoma,125,7,60,7
COL20A1,Uterine_Corpus_Endometrial_Carcinoma,77,17,52,16
BTBD11,Uterine_Corpus_Endometrial_Carcinoma,84,11,48,11
URB1,Uterine_Corpus_Endometrial_Carcinoma,138,12,68,12
ATP2A3,Uterine_Corpus_Endometrial_Carcinoma,75,3,50,3
ANO1,Uterine_Corpus_Endometrial_Carcinoma,76,8,47,8
CLIP1,Uterine_Corpus_Endometrial_Carcinoma,89,13,45,11
KCP,Uterine_Corpus_Endometrial_Carcinoma,66,4,48,4
DSG3,Uterine_Corpus_Endometrial_Carcinoma,86,15,48,14
ZNF469,Uterine_Corpus_Endometrial_Carcinoma,124,11,56,11
ABR,Uterine_Corpus_Endometrial_Carcinoma,77,9,48,8
MAP3K13,Uterine_Corpus_Endometrial_Carcinoma,87,12,50,12
TSHZ2,Uterine_Corpus_Endometrial_Carcinoma,77,4,44,4
LRRK1,Uterine_Corpus_Endometrial_Carcinoma,115,7,58,6
INSR,Uterine_Corpus_Endometrial_Carcinoma,98,9,58,8
UACA,Uterine_Corpus_Endometrial_Carcinoma,87,16,51,14
RLF,Uterine_Corpus_Endometrial_Carcinoma,87,9,49,8
MMS22L,Uterine_Corpus_Endometrial_Carcinoma,70,6,47,6
ZNF878,Uterine_Corpus_Endometrial_Carcinoma,72,8,45,7
SETDB1,Uterine_Corpus_Endometrial_Carcinoma,74,9,47,9
CR2,Uterine_Corpus_Endometrial_Carcinoma,75,15,48,14
LRRC4,Uterine_Corpus_Endometrial_Carcinoma,104,2,70,2
IL31RA,Uterine_Corpus_Endometrial_Carcinoma,68,9,45,9
KCNH2,Uterine_Corpus_Endometrial_Carcinoma,74,8,49,8
INTS1,Uterine_Corpus_Endometrial_Carcinoma,112,12,62,11
WNK3,Uterine_Corpus_Endometrial_Carcinoma,189,22,71,18
GIGYF2,Uterine_Corpus_Endometrial_Carcinoma,112,22,57,19
LRRC7,Uterine_Corpus_Endometrial_Carcinoma,146,11,66,9
PRRC2B,Uterine_Corpus_Endometrial_Carcinoma,111,6,53,6
NRP2,Uterine_Corpus_Endometrial_Carcinoma,128,6,71,6
PRG4,Uterine_Corpus_Endometrial_Carcinoma,96,16,55,14
ZNF462,Uterine_Corpus_Endometrial_Carcinoma,161,14,72,14
UNC13A,Uterine_Corpus_Endometrial_Carcinoma,107,4,50,4
PARP4,Uterine_Corpus_Endometrial_Carcinoma,83,11,45,10
KIT,Uterine_Corpus_Endometrial_Carcinoma,109,10,56,10
TRPC4,Uterine_Corpus_Endometrial_Carcinoma,78,7,45,6
MYO9A,Uterine_Corpus_Endometrial_Carcinoma,124,16,62,16
MAP4,Uterine_Corpus_Endometrial_Carcinoma,96,8,56,8
GLI3,Uterine_Corpus_Endometrial_Carcinoma,188,8,80,8
NIN,Uterine_Corpus_Endometrial_Carcinoma,115,16,54,15
ZNF780B,Uterine_Corpus_Endometrial_Carcinoma,94,4,49,4
NFATC4,Uterine_Corpus_Endometrial_Carcinoma,61,3,45,3
WDR87,Uterine_Corpus_Endometrial_Carcinoma,253,36,81,31
FOXJ3,Uterine_Corpus_Endometrial_Carcinoma,100,5,61,5
KIAA0100,Uterine_Corpus_Endometrial_Carcinoma,89,8,55,7
PLXNB2,Uterine_Corpus_Endometrial_Carcinoma,107,6,68,6
SLC35A2,Uterine_Corpus_Endometrial_Carcinoma,68,3,49,3
SOX11,Uterine_Corpus_Endometrial_Carcinoma,233,1,77,1
KIAA1009,Uterine_Corpus_Endometrial_Carcinoma,74,18,44,17
FLNA,Uterine_Corpus_Endometrial_Carcinoma,233,17,83,16
LPPR4,Uterine_Corpus_Endometrial_Carcinoma,75,7,46,7
BCLAF1,Uterine_Corpus_Endometrial_Carcinoma,129,22,61,18
DOCK8,Uterine_Corpus_Endometrial_Carcinoma,138,12,56,12
CSPG4,Uterine_Corpus_Endometrial_Carcinoma,108,8,58,7
PCDHA2,Uterine_Corpus_Endometrial_Carcinoma,83,4,58,4
LRBA,Uterine_Corpus_Endometrial_Carcinoma,173,29,68,25
ABCA5,Uterine_Corpus_Endometrial_Carcinoma,109,24,51,19
USP9X,Uterine_Corpus_Endometrial_Carcinoma,230,32,85,25
ITGA11,Uterine_Corpus_Endometrial_Carcinoma,78,7,50,6
PHTF2,Uterine_Corpus_Endometrial_Carcinoma,70,6,45,6
TOPBP1,Uterine_Corpus_Endometrial_Carcinoma,69,12,44,12
PRPF4B,Uterine_Corpus_Endometrial_Carcinoma,71,7,44,6
APC,Uterine_Corpus_Endometrial_Carcinoma,202,50,71,32
SPEF2,Uterine_Corpus_Endometrial_Carcinoma,135,17,56,17
TP53,Uterine_Corpus_Endometrial_Carcinoma,199,55,176,54
WAPAL,Uterine_Corpus_Endometrial_Carcinoma,79,2,46,2
CAMSAP2,Uterine_Corpus_Endometrial_Carcinoma,115,27,72,25
PCDHB13,Uterine_Corpus_Endometrial_Carcinoma,121,8,64,7
PXDN,Uterine_Corpus_Endometrial_Carcinoma,168,18,74,17
PTPRC,Uterine_Corpus_Endometrial_Carcinoma,83,13,47,13
PLP2,Uterine_Corpus_Endometrial_Carcinoma,91,2,51,2
KMT2C,Uterine_Corpus_Endometrial_Carcinoma,301,48,109,38
NTM,Uterine_Corpus_Endometrial_Carcinoma,69,2,48,2
ITGAD,Uterine_Corpus_Endometrial_Carcinoma,87,12,51,10
HTT,Uterine_Corpus_Endometrial_Carcinoma,122,17,64,16
KCNA4,Uterine_Corpus_Endometrial_Carcinoma,79,13,54,13
DMD,Uterine_Corpus_Endometrial_Carcinoma,463,76,103,40
COL4A5,Uterine_Corpus_Endometrial_Carcinoma,105,17,51,14
RALGAPA1,Uterine_Corpus_Endometrial_Carcinoma,102,15,46,13
LRCH2,Uterine_Corpus_Endometrial_Carcinoma,112,12,58,11
PCDHA11,Uterine_Corpus_Endometrial_Carcinoma,77,2,54,2
DNAH10,Uterine_Corpus_Endometrial_Carcinoma,313,36,94,28
GALNT13,Uterine_Corpus_Endometrial_Carcinoma,74,9,45,8
TNIK,Uterine_Corpus_Endometrial_Carcinoma,127,25,64,22
PTPRM,Uterine_Corpus_Endometrial_Carcinoma,105,10,60,10
TLE4,Uterine_Corpus_Endometrial_Carcinoma,107,7,58,7
NXF4,Uterine_Corpus_Endometrial_Carcinoma,77,3,46,3
PIK3CA,Uterine_Corpus_Endometrial_Carcinoma,335,14,217,13
ASTN2,Uterine_Corpus_Endometrial_Carcinoma,113,9,55,9
AFF1,Uterine_Corpus_Endometrial_Carcinoma,107,5,62,4
PIKFYVE,Uterine_Corpus_Endometrial_Carcinoma,111,8,58,8
INSRR,Uterine_Corpus_Endometrial_Carcinoma,89,9,59,8
PPP1R9A,Uterine_Corpus_Endometrial_Carcinoma,107,7,52,6
MYO15B,Uterine_Corpus_Endometrial_Carcinoma,77,7,45,6
UNC13C,Uterine_Corpus_Endometrial_Carcinoma,196,24,66,17
WDFY4,Uterine_Corpus_Endometrial_Carcinoma,246,25,97,20
BRWD3,Uterine_Corpus_Endometrial_Carcinoma,195,35,67,29
ADGB,Uterine_Corpus_Endometrial_Carcinoma,147,22,66,18
HRNR,Uterine_Corpus_Endometrial_Carcinoma,134,9,75,8
NPAP1,Uterine_Corpus_Endometrial_Carcinoma,199,6,87,6
KIAA1456,Uterine_Corpus_Endometrial_Carcinoma,134,3,55,3
TOPAZ1,Uterine_Corpus_Endometrial_Carcinoma,148,19,55,15
MAML2,Uterine_Corpus_Endometrial_Carcinoma,65,6,52,6
TEX15,Uterine_Corpus_Endometrial_Carcinoma,174,16,66,14
ROCK1,Uterine_Corpus_Endometrial_Carcinoma,131,31,63,26
CNTNAP1,Uterine_Corpus_Endometrial_Carcinoma,104,6,61,6
FAM133A,Uterine_Corpus_Endometrial_Carcinoma,87,10,48,9
HERC6,Uterine_Corpus_Endometrial_Carcinoma,80,13,50,13
CCDC40,Uterine_Corpus_Endometrial_Carcinoma,74,4,48,4
KIAA1462,Uterine_Corpus_Endometrial_Carcinoma,82,10,55,10
LRRC66,Uterine_Corpus_Endometrial_Carcinoma,57,3,45,3
STAT3,Uterine_Corpus_Endometrial_Carcinoma,54,10,45,10
DTNA,Uterine_Corpus_Endometrial_Carcinoma,179,12,82,11
KIDINS220,Uterine_Corpus_Endometrial_Carcinoma,103,18,56,18
ZC3H11A,Uterine_Corpus_Endometrial_Carcinoma,96,7,61,7
FAM91A1,Uterine_Corpus_Endometrial_Carcinoma,89,7,53,6
KCNA6,Uterine_Corpus_Endometrial_Carcinoma,126,3,66,3
COL14A1,Uterine_Corpus_Endometrial_Carcinoma,104,17,53,16
RAPGEF1,Uterine_Corpus_Endometrial_Carcinoma,81,7,51,7
MBTPS1,Uterine_Corpus_Endometrial_Carcinoma,72,5,47,5
CNTN1,Uterine_Corpus_Endometrial_Carcinoma,99,11,50,10
WIZ,Uterine_Corpus_Endometrial_Carcinoma,82,0,48,0
NLGN1,Uterine_Corpus_Endometrial_Carcinoma,100,1,53,1
ZNF43,Uterine_Corpus_Endometrial_Carcinoma,84,10,45,9
GRM3,Uterine_Corpus_Endometrial_Carcinoma,92,8,56,7
SMC4,Uterine_Corpus_Endometrial_Carcinoma,99,17,49,17
KCNT2,Uterine_Corpus_Endometrial_Carcinoma,111,18,56,17
DSG4,Uterine_Corpus_Endometrial_Carcinoma,95,9,47,9
ATP8B1,Uterine_Corpus_Endometrial_Carcinoma,109,21,54,20
DSP,Uterine_Corpus_Endometrial_Carcinoma,150,18,65,15
KNTC1,Uterine_Corpus_Endometrial_Carcinoma,122,20,61,19
ACVR2A,Uterine_Corpus_Endometrial_Carcinoma,122,34,76,33
ASH1L,Uterine_Corpus_Endometrial_Carcinoma,202,20,92,20
CCDC141,Uterine_Corpus_Endometrial_Carcinoma,121,13,56,11
KIF27,Uterine_Corpus_Endometrial_Carcinoma,82,18,48,16
PTGER3,Uterine_Corpus_Endometrial_Carcinoma,67,3,44,2
GABRG2,Uterine_Corpus_Endometrial_Carcinoma,87,8,44,8
DYRK1A,Uterine_Corpus_Endometrial_Carcinoma,108,25,68,21
PDE11A,Uterine_Corpus_Endometrial_Carcinoma,92,6,49,6
PPP1R3A,Uterine_Corpus_Endometrial_Carcinoma,120,16,63,14
CFH,Uterine_Corpus_Endometrial_Carcinoma,107,13,57,13
XRN1,Uterine_Corpus_Endometrial_Carcinoma,87,19,52,16
TLL1,Uterine_Corpus_Endometrial_Carcinoma,135,23,61,21
AFF2,Uterine_Corpus_Endometrial_Carcinoma,232,21,79,19
CADPS2,Uterine_Corpus_Endometrial_Carcinoma,70,11,46,10
TRPS1,Uterine_Corpus_Endometrial_Carcinoma,165,15,78,15
ATP8B4,Uterine_Corpus_Endometrial_Carcinoma,80,13,49,13
ZNF804A,Uterine_Corpus_Endometrial_Carcinoma,99,10,52,10
DCP2,Uterine_Corpus_Endometrial_Carcinoma,58,2,46,2
SALL4,Uterine_Corpus_Endometrial_Carcinoma,94,15,57,15
YEATS2,Uterine_Corpus_Endometrial_Carcinoma,85,7,48,7
FMR1,Uterine_Corpus_Endometrial_Carcinoma,146,16,62,13
SIPA1L3,Uterine_Corpus_Endometrial_Carcinoma,91,5,53,5
CPED1,Uterine_Corpus_Endometrial_Carcinoma,96,9,48,9
IBTK,Uterine_Corpus_Endometrial_Carcinoma,76,16,48,16
PALLD,Uterine_Corpus_Endometrial_Carcinoma,63,5,46,5
CREBRF,Uterine_Corpus_Endometrial_Carcinoma,99,3,57,3
EP400,Uterine_Corpus_Endometrial_Carcinoma,189,12,71,12
SCN9A,Uterine_Corpus_Endometrial_Carcinoma,161,22,62,18
MECOM,Uterine_Corpus_Endometrial_Carcinoma,78,4,59,4
IQSEC2,Uterine_Corpus_Endometrial_Carcinoma,129,14,69,14
MED13,Uterine_Corpus_Endometrial_Carcinoma,188,22,79,20
PCDHA13,Uterine_Corpus_Endometrial_Carcinoma,91,4,55,4
POLQ,Uterine_Corpus_Endometrial_Carcinoma,119,15,60,14
TRIO,Uterine_Corpus_Endometrial_Carcinoma,190,17,86,16
PRKDC,Uterine_Corpus_Endometrial_Carcinoma,232,50,81,41
MYH3,Uterine_Corpus_Endometrial_Carcinoma,136,18,67,17
DAGLA,Uterine_Corpus_Endometrial_Carcinoma,77,3,48,3
FAM65B,Uterine_Corpus_Endometrial_Carcinoma,74,8,47,7
CCDC108,Uterine_Corpus_Endometrial_Carcinoma,126,22,70,21
CEP128,Uterine_Corpus_Endometrial_Carcinoma,93,9,53,9
PRDM2,Uterine_Corpus_Endometrial_Carcinoma,119,8,58,8
ZNF182,Uterine_Corpus_Endometrial_Carcinoma,91,2,44,2
TRIP12,Uterine_Corpus_Endometrial_Carcinoma,122,15,61,15
AHNAK2,Uterine_Corpus_Endometrial_Carcinoma,295,19,109,17
PCDHB5,Uterine_Corpus_Endometrial_Carcinoma,93,5,55,5
ISL1,Uterine_Corpus_Endometrial_Carcinoma,81,1,46,1
ABCC9,Uterine_Corpus_Endometrial_Carcinoma,115,10,53,9
JPH3,Uterine_Corpus_Endometrial_Carcinoma,67,1,49,1
CANX,Uterine_Corpus_Endometrial_Carcinoma,54,9,46,8
TIAM1,Uterine_Corpus_Endometrial_Carcinoma,154,14,64,12
POU3F2,Uterine_Corpus_Endometrial_Carcinoma,68,1,47,1
FAM179B,Uterine_Corpus_Endometrial_Carcinoma,126,13,58,13
MYO18B,Uterine_Corpus_Endometrial_Carcinoma,170,13,77,13
CPAMD8,Uterine_Corpus_Endometrial_Carcinoma,117,11,61,11
PCDHA8,Uterine_Corpus_Endometrial_Carcinoma,81,1,55,1
BDP1,Uterine_Corpus_Endometrial_Carcinoma,123,20,58,17
ZFAT,Uterine_Corpus_Endometrial_Carcinoma,76,6,51,6
TBC1D25,Uterine_Corpus_Endometrial_Carcinoma,71,6,46,6
REV1,Uterine_Corpus_Endometrial_Carcinoma,69,13,49,12
POU4F2,Uterine_Corpus_Endometrial_Carcinoma,91,1,50,1
MAP7D3,Uterine_Corpus_Endometrial_Carcinoma,96,13,54,11
MYBPC2,Uterine_Corpus_Endometrial_Carcinoma,84,9,50,8
DOCK10,Uterine_Corpus_Endometrial_Carcinoma,180,22,71,19
CLCN3,Uterine_Corpus_Endometrial_Carcinoma,76,11,49,10
TNC,Uterine_Corpus_Endometrial_Carcinoma,140,12,61,11
WDR45,Uterine_Corpus_Endometrial_Carcinoma,66,4,46,4
CLCN4,Uterine_Corpus_Endometrial_Carcinoma,68,9,44,9
MTUS1,Uterine_Corpus_Endometrial_Carcinoma,85,10,53,10
THNSL1,Uterine_Corpus_Endometrial_Carcinoma,79,5,46,5
SLC4A4,Uterine_Corpus_Endometrial_Carcinoma,135,11,56,11
DNAH17,Uterine_Corpus_Endometrial_Carcinoma,288,16,87,15
NR4A2,Uterine_Corpus_Endometrial_Carcinoma,84,9,50,8
UNC80,Uterine_Corpus_Endometrial_Carcinoma,236,30,80,27
HAS2,Uterine_Corpus_Endometrial_Carcinoma,66,1,49,1
NOTCH2,Uterine_Corpus_Endometrial_Carcinoma,121,9,56,9
ANKRD30B,Uterine_Corpus_Endometrial_Carcinoma,181,39,67,28
ATP8A2,Uterine_Corpus_Endometrial_Carcinoma,107,19,48,17
EEA1,Uterine_Corpus_Endometrial_Carcinoma,91,15,44,13
DCAF8L2,Uterine_Corpus_Endometrial_Carcinoma,80,5,53,5
KIF20B,Uterine_Corpus_Endometrial_Carcinoma,120,17,57,16
VWA5B1,Uterine_Corpus_Endometrial_Carcinoma,81,5,49,5
SCN11A,Uterine_Corpus_Endometrial_Carcinoma,123,20,56,17
MAP3K5,Uterine_Corpus_Endometrial_Carcinoma,86,11,44,10
BMPR2,Uterine_Corpus_Endometrial_Carcinoma,90,9,47,8
PAPD7,Uterine_Corpus_Endometrial_Carcinoma,73,4,49,3
SV2C,Uterine_Corpus_Endometrial_Carcinoma,57,5,44,5
HTATSF1,Uterine_Corpus_Endometrial_Carcinoma,85,8,44,7
ANKRD12,Uterine_Corpus_Endometrial_Carcinoma,140,21,58,18
SLC12A7,Uterine_Corpus_Endometrial_Carcinoma,70,6,44,6
PTPRZ1,Uterine_Corpus_Endometrial_Carcinoma,196,21,64,20
EPHA6,Uterine_Corpus_Endometrial_Carcinoma,92,6,49,6
NIPBL,Uterine_Corpus_Endometrial_Carcinoma,180,31,83,28
PCNXL3,Uterine_Corpus_Endometrial_Carcinoma,77,4,45,4
ARMCX3,Uterine_Corpus_Endometrial_Carcinoma,76,5,47,5
ELAVL1,Uterine_Corpus_Endometrial_Carcinoma,62,6,45,6
BCL9L,Uterine_Corpus_Endometrial_Carcinoma,66,5,48,5
SHANK3,Uterine_Corpus_Endometrial_Carcinoma,75,4,45,4
SPHKAP,Uterine_Corpus_Endometrial_Carcinoma,119,12,56,11
CATSPERB,Uterine_Corpus_Endometrial_Carcinoma,67,6,45,6
PCDHB14,Uterine_Corpus_Endometrial_Carcinoma,84,3,45,3
MUC2,Uterine_Corpus_Endometrial_Carcinoma,151,11,64,11
CUX2,Uterine_Corpus_Endometrial_Carcinoma,83,5,52,5
GRIA3,Uterine_Corpus_Endometrial_Carcinoma,139,4,73,4
COL6A1,Uterine_Corpus_Endometrial_Carcinoma,78,5,53,5
ATRN,Uterine_Corpus_Endometrial_Carcinoma,74,11,45,11
RANBP2,Uterine_Corpus_Endometrial_Carcinoma,189,29,81,26
ANO4,Uterine_Corpus_Endometrial_Carcinoma,117,11,58,10
PCDHAC1,Uterine_Corpus_Endometrial_Carcinoma,126,1,59,1
PTCHD1,Uterine_Corpus_Endometrial_Carcinoma,81,5,48,5
RALGAPA2,Uterine_Corpus_Endometrial_Carcinoma,121,12,53,10
ARFGEF2,Uterine_Corpus_Endometrial_Carcinoma,85,10,51,9
DROSHA,Uterine_Corpus_Endometrial_Carcinoma,78,7,50,7
SPINK5,Uterine_Corpus_Endometrial_Carcinoma,80,19,45,18
NFASC,Uterine_Corpus_Endometrial_Carcinoma,153,15,79,15
CNGA2,Uterine_Corpus_Endometrial_Carcinoma,73,11,44,9
PKD1L2,Uterine_Corpus_Endometrial_Carcinoma,150,19,74,19
ARHGEF4,Uterine_Corpus_Endometrial_Carcinoma,115,4,53,4
PDZD2,Uterine_Corpus_Endometrial_Carcinoma,148,15,67,13
TTC28,Uterine_Corpus_Endometrial_Carcinoma,114,11,62,11
FAM47A,Uterine_Corpus_Endometrial_Carcinoma,92,8,53,7
ARHGEF28,Uterine_Corpus_Endometrial_Carcinoma,97,11,50,11
NUP153,Uterine_Corpus_Endometrial_Carcinoma,105,8,53,8
DUOX1,Uterine_Corpus_Endometrial_Carcinoma,106,7,55,6
SNED1,Uterine_Corpus_Endometrial_Carcinoma,88,10,49,10
L1CAM,Uterine_Corpus_Endometrial_Carcinoma,120,4,64,4
GRM5,Uterine_Corpus_Endometrial_Carcinoma,105,8,49,8
GNPTAB,Uterine_Corpus_Endometrial_Carcinoma,101,17,56,15
HHIP,Uterine_Corpus_Endometrial_Carcinoma,82,7,51,6
CELF4,Uterine_Corpus_Endometrial_Carcinoma,89,6,55,6
VANGL2,Uterine_Corpus_Endometrial_Carcinoma,92,0,58,0
ABCA12,Uterine_Corpus_Endometrial_Carcinoma,228,30,76,26
FGD5,Uterine_Corpus_Endometrial_Carcinoma,102,3,50,3
KCNJ16,Uterine_Corpus_Endometrial_Carcinoma,97,4,47,3
SH3TC1,Uterine_Corpus_Endometrial_Carcinoma,80,8,47,7
ARHGEF17,Uterine_Corpus_Endometrial_Carcinoma,99,6,55,6
NCKAP5,Uterine_Corpus_Endometrial_Carcinoma,157,11,68,11
FGF13,Uterine_Corpus_Endometrial_Carcinoma,81,8,47,8
ANKRD36C,Uterine_Corpus_Endometrial_Carcinoma,109,20,50,18
E2F3,Uterine_Corpus_Endometrial_Carcinoma,77,7,45,6
SENP1,Uterine_Corpus_Endometrial_Carcinoma,62,6,44,6
COL4A4,Uterine_Corpus_Endometrial_Carcinoma,119,9,62,9
KLHL28,Uterine_Corpus_Endometrial_Carcinoma,72,2,44,2
PTPN3,Uterine_Corpus_Endometrial_Carcinoma,83,18,44,15
AKAP9,Uterine_Corpus_Endometrial_Carcinoma,216,44,81,30
ATP2B3,Uterine_Corpus_Endometrial_Carcinoma,159,7,74,7
VWDE,Uterine_Corpus_Endometrial_Carcinoma,102,20,52,17
DYNC1H1,Uterine_Corpus_Endometrial_Carcinoma,216,18,87,17
DOCK2,Uterine_Corpus_Endometrial_Carcinoma,140,16,61,13
PTEN,Uterine_Corpus_Endometrial_Carcinoma,578,289,281,218
AMOT,Uterine_Corpus_Endometrial_Carcinoma,109,7,56,7
EDEM3,Uterine_Corpus_Endometrial_Carcinoma,72,11,46,10
SOCS4,Uterine_Corpus_Endometrial_Carcinoma,82,2,44,2
STAB1,Uterine_Corpus_Endometrial_Carcinoma,123,18,62,14
CSNK1G1,Uterine_Corpus_Endometrial_Carcinoma,89,4,59,3
GABRB2,Uterine_Corpus_Endometrial_Carcinoma,128,5,61,5
PLCB1,Uterine_Corpus_Endometrial_Carcinoma,102,6,53,5
KIF1A,Uterine_Corpus_Endometrial_Carcinoma,143,8,65,7
AHR,Uterine_Corpus_Endometrial_Carcinoma,64,2,46,2
BCL11A,Uterine_Corpus_Endometrial_Carcinoma,174,8,86,7
ARID1B,Uterine_Corpus_Endometrial_Carcinoma,132,24,74,19
CIC,Uterine_Corpus_Endometrial_Carcinoma,91,16,55,14
DENND3,Uterine_Corpus_Endometrial_Carcinoma,87,6,51,6
THBS1,Uterine_Corpus_Endometrial_Carcinoma,63,4,46,4
BRD4,Uterine_Corpus_Endometrial_Carcinoma,97,7,48,7
MUC19,Uterine_Corpus_Endometrial_Carcinoma,106,4,45,4
TNRC6B,Uterine_Corpus_Endometrial_Carcinoma,231,24,92,21
TLE1,Uterine_Corpus_Endometrial_Carcinoma,87,21,56,21
TFDP1,Uterine_Corpus_Endometrial_Carcinoma,71,12,54,12
PTPN14,Uterine_Corpus_Endometrial_Carcinoma,75,9,48,8
PKHD1,Uterine_Corpus_Endometrial_Carcinoma,196,25,73,22
DSCAML1,Uterine_Corpus_Endometrial_Carcinoma,126,11,71,9
IKZF1,Uterine_Corpus_Endometrial_Carcinoma,70,1,44,1
ENAM,Uterine_Corpus_Endometrial_Carcinoma,74,4,46,4
DLL1,Uterine_Corpus_Endometrial_Carcinoma,65,5,46,5
TMEM131,Uterine_Corpus_Endometrial_Carcinoma,93,12,53,12
RTTN,Uterine_Corpus_Endometrial_Carcinoma,107,14,50,14
LAMA4,Uterine_Corpus_Endometrial_Carcinoma,109,7,53,7
HELZ2,Uterine_Corpus_Endometrial_Carcinoma,144,8,62,8
PRX,Uterine_Corpus_Endometrial_Carcinoma,79,11,48,10
LRP6,Uterine_Corpus_Endometrial_Carcinoma,97,16,53,15
SPTBN4,Uterine_Corpus_Endometrial_Carcinoma,109,5,58,5
SIPA1L2,Uterine_Corpus_Endometrial_Carcinoma,132,14,71,14
RBMS3,Uterine_Corpus_Endometrial_Carcinoma,76,3,50,3
NCAM2,Uterine_Corpus_Endometrial_Carcinoma,135,22,62,17
RREB1,Uterine_Corpus_Endometrial_Carcinoma,102,3,60,3
WDR96,Uterine_Corpus_Endometrial_Carcinoma,112,15,58,14
TECTA,Uterine_Corpus_Endometrial_Carcinoma,154,11,68,10
KIF5C,Uterine_Corpus_Endometrial_Carcinoma,115,11,58,10
CDC42BPB,Uterine_Corpus_Endometrial_Carcinoma,107,11,61,10
ALPK2,Uterine_Corpus_Endometrial_Carcinoma,145,18,64,16
DNAJC13,Uterine_Corpus_Endometrial_Carcinoma,124,14,56,13
HYOU1,Uterine_Corpus_Endometrial_Carcinoma,63,7,44,6
BACH2,Uterine_Corpus_Endometrial_Carcinoma,132,5,54,5
OGT,Uterine_Corpus_Endometrial_Carcinoma,119,7,51,7
IGSF1,Uterine_Corpus_Endometrial_Carcinoma,128,11,58,11
ABL2,Uterine_Corpus_Endometrial_Carcinoma,72,5,47,5
STARD13,Uterine_Corpus_Endometrial_Carcinoma,114,3,59,3
BPTF,Uterine_Corpus_Endometrial_Carcinoma,124,8,56,8
ABCB5,Uterine_Corpus_Endometrial_Carcinoma,106,17,51,16
DUSP27,Uterine_Corpus_Endometrial_Carcinoma,95,9,50,9
CTTNBP2,Uterine_Corpus_Endometrial_Carcinoma,85,5,48,4
KIAA1731,Uterine_Corpus_Endometrial_Carcinoma,113,15,46,13
EML5,Uterine_Corpus_Endometrial_Carcinoma,108,20,48,18
ZKSCAN2,Uterine_Corpus_Endometrial_Carcinoma,69,10,46,10
PAPD5,Uterine_Corpus_Endometrial_Carcinoma,81,6,53,6
PPFIA2,Uterine_Corpus_Endometrial_Carcinoma,116,25,63,21
FLNC,Uterine_Corpus_Endometrial_Carcinoma,173,15,70,13
ACVR2B,Uterine_Corpus_Endometrial_Carcinoma,91,1,50,1
CASC5,Uterine_Corpus_Endometrial_Carcinoma,96,11,47,9
KIRREL,Uterine_Corpus_Endometrial_Carcinoma,71,2,49,2
ZFHX4,Uterine_Corpus_Endometrial_Carcinoma,471,35,116,32
MSN,Uterine_Corpus_Endometrial_Carcinoma,76,4,46,4
MLIP,Uterine_Corpus_Endometrial_Carcinoma,75,8,48,7
MYOF,Uterine_Corpus_Endometrial_Carcinoma,115,11,50,10
BHLHE22,Uterine_Corpus_Endometrial_Carcinoma,80,1,44,1
COL9A1,Uterine_Corpus_Endometrial_Carcinoma,90,15,54,14
JAG1,Uterine_Corpus_Endometrial_Carcinoma,89,11,53,10
MYH8,Uterine_Corpus_Endometrial_Carcinoma,136,14,55,12
DOCK4,Uterine_Corpus_Endometrial_Carcinoma,150,17,73,14
ZCCHC14,Uterine_Corpus_Endometrial_Carcinoma,82,2,53,2
CMYA5,Uterine_Corpus_Endometrial_Carcinoma,212,24,65,21
TBL1XR1,Uterine_Corpus_Endometrial_Carcinoma,101,9,54,9
COL5A3,Uterine_Corpus_Endometrial_Carcinoma,99,17,53,13
ZBTB11,Uterine_Corpus_Endometrial_Carcinoma,81,13,45,12
BRWD1,Uterine_Corpus_Endometrial_Carcinoma,151,27,64,23
DLGAP2,Uterine_Corpus_Endometrial_Carcinoma,132,3,56,3
ARID4A,Uterine_Corpus_Endometrial_Carcinoma,110,23,56,22
MYH4,Uterine_Corpus_Endometrial_Carcinoma,124,15,53,14
GRM1,Uterine_Corpus_Endometrial_Carcinoma,170,10,70,10
SNAP91,Uterine_Corpus_Endometrial_Carcinoma,70,8,47,8
DHX30,Uterine_Corpus_Endometrial_Carcinoma,75,9,47,8
LRP1B,Uterine_Corpus_Endometrial_Carcinoma,411,53,96,31
LARP1,Uterine_Corpus_Endometrial_Carcinoma,101,13,57,12
FUT9,Uterine_Corpus_Endometrial_Carcinoma,224,0,76,0
MED12,Uterine_Corpus_Endometrial_Carcinoma,190,20,92,18
ZXDB,Uterine_Corpus_Endometrial_Carcinoma,130,2,71,2
PCDH10,Uterine_Corpus_Endometrial_Carcinoma,109,5,61,5
NLRP9,Uterine_Corpus_Endometrial_Carcinoma,83,12,48,12
UBE4B,Uterine_Corpus_Endometrial_Carcinoma,70,8,46,7
FOXO4,Uterine_Corpus_Endometrial_Carcinoma,81,3,55,3
FRMPD4,Uterine_Corpus_Endometrial_Carcinoma,146,10,68,10
FOXD4,Uterine_Corpus_Endometrial_Carcinoma,68,1,46,1
TTC3,Uterine_Corpus_Endometrial_Carcinoma,134,28,66,24
LRRIQ1,Uterine_Corpus_Endometrial_Carcinoma,142,30,53,23
ZAN,Uterine_Corpus_Endometrial_Carcinoma,184,17,74,12
CACNA1E,Uterine_Corpus_Endometrial_Carcinoma,239,19,90,16
SEC24A,Uterine_Corpus_Endometrial_Carcinoma,90,6,54,6
DPP10,Uterine_Corpus_Endometrial_Carcinoma,119,14,52,11
PIWIL1,Uterine_Corpus_Endometrial_Carcinoma,77,9,46,8
ADAMTS2,Uterine_Corpus_Endometrial_Carcinoma,98,7,52,7
USP25,Uterine_Corpus_Endometrial_Carcinoma,111,23,54,18
CCDC171,Uterine_Corpus_Endometrial_Carcinoma,103,18,50,16
THRB,Uterine_Corpus_Endometrial_Carcinoma,77,2,44,2
KDM2A,Uterine_Corpus_Endometrial_Carcinoma,71,1,45,1
CBL,Uterine_Corpus_Endometrial_Carcinoma,91,2,52,2
ALG13,Uterine_Corpus_Endometrial_Carcinoma,107,19,59,18
BCOR,Uterine_Corpus_Endometrial_Carcinoma,181,9,84,9
PASD1,Uterine_Corpus_Endometrial_Carcinoma,84,7,45,7
COL27A1,Uterine_Corpus_Endometrial_Carcinoma,90,17,54,16
TNNI3K,Uterine_Corpus_Endometrial_Carcinoma,76,7,44,6
ZEB2,Uterine_Corpus_Endometrial_Carcinoma,145,6,63,6
KIF5A,Uterine_Corpus_Endometrial_Carcinoma,82,10,54,10
TRANK1,Uterine_Corpus_Endometrial_Carcinoma,121,13,53,13
KIAA1614,Uterine_Corpus_Endometrial_Carcinoma,68,7,47,7
CACNA1D,Uterine_Corpus_Endometrial_Carcinoma,180,19,75,17
PCDHGB1,Uterine_Corpus_Endometrial_Carcinoma,84,5,51,5
DDX46,Uterine_Corpus_Endometrial_Carcinoma,69,13,48,12
CDK13,Uterine_Corpus_Endometrial_Carcinoma,74,8,46,7
TRAPPC8,Uterine_Corpus_Endometrial_Carcinoma,113,14,54,13
NLGN3,Uterine_Corpus_Endometrial_Carcinoma,111,9,63,8
MACF1,Uterine_Corpus_Endometrial_Carcinoma,355,47,107,37
PCDHA9,Uterine_Corpus_Endometrial_Carcinoma,92,3,57,3
MBD5,Uterine_Corpus_Endometrial_Carcinoma,94,3,51,3
XKR6,Uterine_Corpus_Endometrial_Carcinoma,93,1,55,1
CDH10,Uterine_Corpus_Endometrial_Carcinoma,149,20,64,17
KCNH8,Uterine_Corpus_Endometrial_Carcinoma,115,12,61,12
NUP214,Uterine_Corpus_Endometrial_Carcinoma,81,17,51,17
CDH12,Uterine_Corpus_Endometrial_Carcinoma,107,8,49,8
MRC2,Uterine_Corpus_Endometrial_Carcinoma,107,12,61,11
CASP8,Uterine_Corpus_Endometrial_Carcinoma,92,25,52,24
KSR2,Uterine_Corpus_Endometrial_Carcinoma,79,9,52,9
COL4A2,Uterine_Corpus_Endometrial_Carcinoma,90,17,52,16
KIAA0430,Uterine_Corpus_Endometrial_Carcinoma,118,7,57,7
JPH1,Uterine_Corpus_Endometrial_Carcinoma,67,2,47,2
ZNF766,Uterine_Corpus_Endometrial_Carcinoma,72,9,46,8
AKAP13,Uterine_Corpus_Endometrial_Carcinoma,130,7,62,7
PRDM10,Uterine_Corpus_Endometrial_Carcinoma,86,7,49,7
FAM186A,Uterine_Corpus_Endometrial_Carcinoma,128,25,65,22
ADAM22,Uterine_Corpus_Endometrial_Carcinoma,69,11,47,10
ASTN1,Uterine_Corpus_Endometrial_Carcinoma,124,5,64,5
SYNPO2L,Uterine_Corpus_Endometrial_Carcinoma,74,3,50,3
FRMPD1,Uterine_Corpus_Endometrial_Carcinoma,123,11,53,11
SPRY3,Uterine_Corpus_Endometrial_Carcinoma,119,1,51,1
INPP4B,Uterine_Corpus_Endometrial_Carcinoma,85,20,48,17
ADAMTS7,Uterine_Corpus_Endometrial_Carcinoma,66,10,46,10
SLITRK5,Uterine_Corpus_Endometrial_Carcinoma,112,1,57,1
ARID5B,Uterine_Corpus_Endometrial_Carcinoma,129,37,83,34
COL7A1,Uterine_Corpus_Endometrial_Carcinoma,136,23,75,20
ITSN2,Uterine_Corpus_Endometrial_Carcinoma,96,11,52,10
HDX,Uterine_Corpus_Endometrial_Carcinoma,85,11,47,10
PIK3R4,Uterine_Corpus_Endometrial_Carcinoma,74,9,45,9
PCM1,Uterine_Corpus_Endometrial_Carcinoma,104,15,51,13
RAB3GAP2,Uterine_Corpus_Endometrial_Carcinoma,98,17,61,15
ZC3H13,Uterine_Corpus_Endometrial_Carcinoma,90,29,55,25
PRDM1,Uterine_Corpus_Endometrial_Carcinoma,77,3,51,3
MCF2L2,Uterine_Corpus_Endometrial_Carcinoma,112,16,54,14
ARHGAP6,Uterine_Corpus_Endometrial_Carcinoma,129,6,66,6
PRR12,Uterine_Corpus_Endometrial_Carcinoma,55,4,44,3
POLA1,Uterine_Corpus_Endometrial_Carcinoma,151,16,65,12
CHD8,Uterine_Corpus_Endometrial_Carcinoma,121,23,66,22
AUTS2,Uterine_Corpus_Endometrial_Carcinoma,87,3,56,3
VWA3B,Uterine_Corpus_Endometrial_Carcinoma,80,13,50,12
EDC4,Uterine_Corpus_Endometrial_Carcinoma,62,6,45,6
ZNF507,Uterine_Corpus_Endometrial_Carcinoma,68,4,45,4
APP,Uterine_Corpus_Endometrial_Carcinoma,73,3,49,3
PHLPP2,Uterine_Corpus_Endometrial_Carcinoma,95,9,50,8
SYNE2,Uterine_Corpus_Endometrial_Carcinoma,330,50,96,39
DCLK3,Uterine_Corpus_Endometrial_Carcinoma,60,5,44,5
GON4L,Uterine_Corpus_Endometrial_Carcinoma,88,12,59,12
PHIP,Uterine_Corpus_Endometrial_Carcinoma,121,13,54,11
FBN3,Uterine_Corpus_Endometrial_Carcinoma,149,13,68,13
ADNP,Uterine_Corpus_Endometrial_Carcinoma,66,9,45,9
DPYSL2,Uterine_Corpus_Endometrial_Carcinoma,73,2,56,2
EAF1,Uterine_Corpus_Endometrial_Carcinoma,58,1,45,1
SOGA3,Uterine_Corpus_Endometrial_Carcinoma,88,8,51,7
PHF20L1,Uterine_Corpus_Endometrial_Carcinoma,124,22,57,19
FAM208B,Uterine_Corpus_Endometrial_Carcinoma,96,9,51,8
RUNX1T1,Uterine_Corpus_Endometrial_Carcinoma,119,13,64,12
ARHGEF26,Uterine_Corpus_Endometrial_Carcinoma,87,6,49,6
MDC1,Uterine_Corpus_Endometrial_Carcinoma,80,8,45,8
TLR9,Uterine_Corpus_Endometrial_Carcinoma,62,2,44,2
SGK1,Uterine_Corpus_Endometrial_Carcinoma,63,9,45,9
ADCY8,Uterine_Corpus_Endometrial_Carcinoma,74,4,50,3
INPP4A,Uterine_Corpus_Endometrial_Carcinoma,74,11,49,10
KCNQ5,Uterine_Corpus_Endometrial_Carcinoma,71,10,47,8
CHD4,Uterine_Corpus_Endometrial_Carcinoma,164,21,106,19
GRIN2A,Uterine_Corpus_Endometrial_Carcinoma,135,8,62,8
BMPER,Uterine_Corpus_Endometrial_Carcinoma,84,2,47,2
GRIN2B,Uterine_Corpus_Endometrial_Carcinoma,115,9,65,9
FBN2,Uterine_Corpus_Endometrial_Carcinoma,215,18,87,17
MAGEE2,Uterine_Corpus_Endometrial_Carcinoma,81,11,45,10
USP24,Uterine_Corpus_Endometrial_Carcinoma,109,17,52,15
CP,Uterine_Corpus_Endometrial_Carcinoma,89,16,56,16
KIAA0355,Uterine_Corpus_Endometrial_Carcinoma,77,5,53,5
FRMPD3,Uterine_Corpus_Endometrial_Carcinoma,102,9,52,8
ZNRF1,Uterine_Corpus_Endometrial_Carcinoma,58,1,48,1
ACRC,Uterine_Corpus_Endometrial_Carcinoma,67,6,44,6
BIRC6,Uterine_Corpus_Endometrial_Carcinoma,250,24,80,20
TNXB,Uterine_Corpus_Endometrial_Carcinoma,172,6,75,6
SHROOM2,Uterine_Corpus_Endometrial_Carcinoma,129,12,71,12
ITIH2,Uterine_Corpus_Endometrial_Carcinoma,92,11,52,11
SMURF1,Uterine_Corpus_Endometrial_Carcinoma,81,4,50,4
RALGDS,Uterine_Corpus_Endometrial_Carcinoma,78,1,44,1
MAMDC2,Uterine_Corpus_Endometrial_Carcinoma,66,3,44,3
COL19A1,Uterine_Corpus_Endometrial_Carcinoma,89,18,54,16
GSPT2,Uterine_Corpus_Endometrial_Carcinoma,99,7,54,7
FAM208A,Uterine_Corpus_Endometrial_Carcinoma,94,20,52,18
WDR44,Uterine_Corpus_Endometrial_Carcinoma,126,14,61,11
RP1,Uterine_Corpus_Endometrial_Carcinoma,125,20,57,15
SUPT16H,Uterine_Corpus_Endometrial_Carcinoma,78,11,46,10
MUM1L1,Uterine_Corpus_Endometrial_Carcinoma,113,7,60,6
PARD3,Uterine_Corpus_Endometrial_Carcinoma,92,13,54,12
AGO4,Uterine_Corpus_Endometrial_Carcinoma,68,2,46,2
MEGF10,Uterine_Corpus_Endometrial_Carcinoma,85,9,51,8
CCND2,Uterine_Corpus_Endometrial_Carcinoma,123,5,59,5
VWA8,Uterine_Corpus_Endometrial_Carcinoma,114,13,57,13
ARHGAP20,Uterine_Corpus_Endometrial_Carcinoma,81,7,46,7
DEPDC5,Uterine_Corpus_Endometrial_Carcinoma,90,14,55,11
UBE3C,Uterine_Corpus_Endometrial_Carcinoma,65,5,50,5
HNRNPM,Uterine_Corpus_Endometrial_Carcinoma,68,10,45,9
FRMD4A,Uterine_Corpus_Endometrial_Carcinoma,99,12,54,11
ITGAL,Uterine_Corpus_Endometrial_Carcinoma,79,10,52,10
SLC17A6,Uterine_Corpus_Endometrial_Carcinoma,83,8,52,7
CAMSAP3,Uterine_Corpus_Endometrial_Carcinoma,80,13,48,11
ATP7A,Uterine_Corpus_Endometrial_Carcinoma,160,11,64,9
GUCY2C,Uterine_Corpus_Endometrial_Carcinoma,74,11,45,9
DPCR1,Uterine_Corpus_Endometrial_Carcinoma,89,22,44,18
LAMC2,Uterine_Corpus_Endometrial_Carcinoma,64,7,45,7
IQGAP2,Uterine_Corpus_Endometrial_Carcinoma,117,13,51,12
LPHN3,Uterine_Corpus_Endometrial_Carcinoma,152,16,70,15
SENP7,Uterine_Corpus_Endometrial_Carcinoma,75,16,45,15
RBMX,Uterine_Corpus_Endometrial_Carcinoma,74,3,46,3
NSD1,Uterine_Corpus_Endometrial_Carcinoma,169,43,85,35
MYBPC3,Uterine_Corpus_Endometrial_Carcinoma,79,7,53,7
DDHD1,Uterine_Corpus_Endometrial_Carcinoma,69,10,47,9
PC,Uterine_Corpus_Endometrial_Carcinoma,71,5,44,5
BRCA1,Uterine_Corpus_Endometrial_Carcinoma,77,13,49,13
PDE4A,Uterine_Corpus_Endometrial_Carcinoma,63,3,44,3
SLC5A3,Uterine_Corpus_Endometrial_Carcinoma,139,4,61,4
USP54,Uterine_Corpus_Endometrial_Carcinoma,83,8,52,8
PPP3CA,Uterine_Corpus_Endometrial_Carcinoma,77,3,49,3
KCNK2,Uterine_Corpus_Endometrial_Carcinoma,74,1,48,1
HIVEP2,Uterine_Corpus_Endometrial_Carcinoma,171,18,66,17
NCAPD3,Uterine_Corpus_Endometrial_Carcinoma,89,9,58,9
CAST,Uterine_Corpus_Endometrial_Carcinoma,75,7,46,6
CLSPN,Uterine_Corpus_Endometrial_Carcinoma,74,10,48,10
TOX,Uterine_Corpus_Endometrial_Carcinoma,85,5,51,5
TRPA1,Uterine_Corpus_Endometrial_Carcinoma,89,8,50,7
DDX60L,Uterine_Corpus_Endometrial_Carcinoma,90,19,45,16
PER2,Uterine_Corpus_Endometrial_Carcinoma,84,8,53,7
ZNF770,Uterine_Corpus_Endometrial_Carcinoma,68,7,44,6
SIPA1L1,Uterine_Corpus_Endometrial_Carcinoma,110,11,54,10
XYLT1,Uterine_Corpus_Endometrial_Carcinoma,118,5,58,5
KMT2A,Uterine_Corpus_Endometrial_Carcinoma,185,22,74,21
SLX4,Uterine_Corpus_Endometrial_Carcinoma,111,10,61,10
TTC14,Uterine_Corpus_Endometrial_Carcinoma,83,13,53,12
KALRN,Uterine_Corpus_Endometrial_Carcinoma,164,9,76,9
FOXP1,Uterine_Corpus_Endometrial_Carcinoma,120,14,71,13
EGFLAM,Uterine_Corpus_Endometrial_Carcinoma,81,5,49,5
SLC4A10,Uterine_Corpus_Endometrial_Carcinoma,89,12,44,12
FUT4,Uterine_Corpus_Endometrial_Carcinoma,88,0,49,0
AMPH,Uterine_Corpus_Endometrial_Carcinoma,93,6,49,6
ANKHD1,Uterine_Corpus_Endometrial_Carcinoma,111,13,61,10
NDST1,Uterine_Corpus_Endometrial_Carcinoma,89,5,56,5
GLTSCR1L,Uterine_Corpus_Endometrial_Carcinoma,72,10,47,9
DNM3,Uterine_Corpus_Endometrial_Carcinoma,90,7,47,7
LRRC37A3,Uterine_Corpus_Endometrial_Carcinoma,70,8,45,8
PLD1,Uterine_Corpus_Endometrial_Carcinoma,82,13,48,11
ITGAX,Uterine_Corpus_Endometrial_Carcinoma,68,7,48,7
CCDC168,Uterine_Corpus_Endometrial_Carcinoma,242,28,71,24
PLEKHG2,Uterine_Corpus_Endometrial_Carcinoma,74,8,50,7
NUMA1,Uterine_Corpus_Endometrial_Carcinoma,110,10,55,10
CTNND2,Uterine_Corpus_Endometrial_Carcinoma,127,7,64,7
NYNRIN,Uterine_Corpus_Endometrial_Carcinoma,89,8,53,8
ATP8A1,Uterine_Corpus_Endometrial_Carcinoma,72,3,46,3
TRERF1,Uterine_Corpus_Endometrial_Carcinoma,79,10,48,10
FXR1,Uterine_Corpus_Endometrial_Carcinoma,75,11,44,11
OSBPL6,Uterine_Corpus_Endometrial_Carcinoma,93,17,54,16
LIN9,Uterine_Corpus_Endometrial_Carcinoma,80,4,57,4
ZBTB43,Uterine_Corpus_Endometrial_Carcinoma,78,2,44,2
CDK5RAP2,Uterine_Corpus_Endometrial_Carcinoma,96,16,50,14
MYLK,Uterine_Corpus_Endometrial_Carcinoma,127,3,68,2
DACH1,Uterine_Corpus_Endometrial_Carcinoma,86,7,44,7
SMG1,Uterine_Corpus_Endometrial_Carcinoma,220,19,80,17
FCRL3,Uterine_Corpus_Endometrial_Carcinoma,72,15,48,15
LTBP1,Uterine_Corpus_Endometrial_Carcinoma,97,10,50,10
SYNCRIP,Uterine_Corpus_Endometrial_Carcinoma,58,7,46,6
SPATA31D5P,Uterine_Corpus_Endometrial_Carcinoma,98,1,50,1
SPOPL,Uterine_Corpus_Endometrial_Carcinoma,84,6,52,6
TNS3,Uterine_Corpus_Endometrial_Carcinoma,100,5,60,5
MTMR1,Uterine_Corpus_Endometrial_Carcinoma,70,6,46,6
GRHL1,Uterine_Corpus_Endometrial_Carcinoma,71,9,47,9
HKDC1,Uterine_Corpus_Endometrial_Carcinoma,78,7,45,6
LTN1,Uterine_Corpus_Endometrial_Carcinoma,105,13,56,12
ITIH5,Uterine_Corpus_Endometrial_Carcinoma,76,5,44,5
CSDE1,Uterine_Corpus_Endometrial_Carcinoma,94,15,58,14
PCDHA4,Uterine_Corpus_Endometrial_Carcinoma,76,4,50,4
POF1B,Uterine_Corpus_Endometrial_Carcinoma,128,13,61,12
NRXN2,Uterine_Corpus_Endometrial_Carcinoma,95,9,58,9
ZZEF1,Uterine_Corpus_Endometrial_Carcinoma,139,17,67,15
RIF1,Uterine_Corpus_Endometrial_Carcinoma,140,15,60,14
MAGI2,Uterine_Corpus_Endometrial_Carcinoma,116,10,56,9
EFHC2,Uterine_Corpus_Endometrial_Carcinoma,92,15,49,14
FANCI,Uterine_Corpus_Endometrial_Carcinoma,70,8,44,8
F5,Uterine_Corpus_Endometrial_Carcinoma,165,13,62,12
CNTLN,Uterine_Corpus_Endometrial_Carcinoma,103,28,59,25
SEPT9,Uterine_Corpus_Endometrial_Carcinoma,67,1,45,1
COL22A1,Uterine_Corpus_Endometrial_Carcinoma,150,24,65,16
MATN2,Uterine_Corpus_Endometrial_Carcinoma,60,1,44,1
FAM46A,Uterine_Corpus_Endometrial_Carcinoma,84,0,51,0
EGFR,Uterine_Corpus_Endometrial_Carcinoma,81,7,45,7
CHD6,Uterine_Corpus_Endometrial_Carcinoma,146,18,73,18
PPP1R12B,Uterine_Corpus_Endometrial_Carcinoma,76,7,47,7
MICAL3,Uterine_Corpus_Endometrial_Carcinoma,114,6,58,6
COL4A6,Uterine_Corpus_Endometrial_Carcinoma,117,18,63,15
DAPK1,Uterine_Corpus_Endometrial_Carcinoma,95,9,62,8
PTK2B,Uterine_Corpus_Endometrial_Carcinoma,79,3,46,3
CNTN4,Uterine_Corpus_Endometrial_Carcinoma,148,12,71,12
PCDHA5,Uterine_Corpus_Endometrial_Carcinoma,74,3,49,3
OTOGL,Uterine_Corpus_Endometrial_Carcinoma,156,11,61,10
NUP205,Uterine_Corpus_Endometrial_Carcinoma,98,13,49,13
CABIN1,Uterine_Corpus_Endometrial_Carcinoma,80,9,46,9
ANGEL2,Uterine_Corpus_Endometrial_Carcinoma,59,1,45,1
MYH9,Uterine_Corpus_Endometrial_Carcinoma,103,7,48,6
MN1,Uterine_Corpus_Endometrial_Carcinoma,79,4,48,4
FLT1,Uterine_Corpus_Endometrial_Carcinoma,123,8,55,7
IGF1R,Uterine_Corpus_Endometrial_Carcinoma,168,4,68,4
EML6,Uterine_Corpus_Endometrial_Carcinoma,175,27,70,23
NBEAL2,Uterine_Corpus_Endometrial_Carcinoma,105,7,61,7
PLXNA2,Uterine_Corpus_Endometrial_Carcinoma,154,8,73,8
ERCC5,Uterine_Corpus_Endometrial_Carcinoma,94,8,49,7
C20orf194,Uterine_Corpus_Endometrial_Carcinoma,70,9,45,9
IGF2BP2,Uterine_Corpus_Endometrial_Carcinoma,75,4,48,4
ATF7IP,Uterine_Corpus_Endometrial_Carcinoma,87,35,47,30
DNMT1,Uterine_Corpus_Endometrial_Carcinoma,89,2,51,2
OTOF,Uterine_Corpus_Endometrial_Carcinoma,128,14,62,14
KCNH5,Uterine_Corpus_Endometrial_Carcinoma,83,7,44,7
ACACB,Uterine_Corpus_Endometrial_Carcinoma,141,8,66,8
AOC1,Uterine_Corpus_Endometrial_Carcinoma,63,8,44,8
AMY2B,Uterine_Corpus_Endometrial_Carcinoma,78,10,47,10
NFE2L2,Uterine_Corpus_Endometrial_Carcinoma,59,5,48,5
SPEN,Uterine_Corpus_Endometrial_Carcinoma,154,18,73,16
ERCC6L2,Uterine_Corpus_Endometrial_Carcinoma,75,6,46,6
EPHA5,Uterine_Corpus_Endometrial_Carcinoma,106,14,59,14
ZDHHC17,Uterine_Corpus_Endometrial_Carcinoma,71,8,45,8
NRP1,Uterine_Corpus_Endometrial_Carcinoma,102,8,54,7
ABCC12,Uterine_Corpus_Endometrial_Carcinoma,100,10,51,9
CASP8AP2,Uterine_Corpus_Endometrial_Carcinoma,102,0,50,0
CAMSAP1,Uterine_Corpus_Endometrial_Carcinoma,129,13,58,13
ZBTB38,Uterine_Corpus_Endometrial_Carcinoma,87,3,53,3
LAMB4,Uterine_Corpus_Endometrial_Carcinoma,111,10,53,10
MTMR12,Uterine_Corpus_Endometrial_Carcinoma,68,2,45,2
KCNC1,Uterine_Corpus_Endometrial_Carcinoma,97,4,49,4
ALDH1L1,Uterine_Corpus_Endometrial_Carcinoma,71,6,46,6
SCUBE1,Uterine_Corpus_Endometrial_Carcinoma,73,6,48,5
SULF1,Uterine_Corpus_Endometrial_Carcinoma,132,9,63,9
HIPK2,Uterine_Corpus_Endometrial_Carcinoma,74,3,47,3
ANKRD17,Uterine_Corpus_Endometrial_Carcinoma,145,9,61,8
PCDHB4,Uterine_Corpus_Endometrial_Carcinoma,69,5,44,5
IFT80,Uterine_Corpus_Endometrial_Carcinoma,70,6,54,6
CLCN5,Uterine_Corpus_Endometrial_Carcinoma,161,10,69,10
PCDHGA12,Uterine_Corpus_Endometrial_Carcinoma,93,3,53,3
TRPM7,Uterine_Corpus_Endometrial_Carcinoma,106,14,52,14
COL24A1,Uterine_Corpus_Endometrial_Carcinoma,113,16,58,15
MAMLD1,Uterine_Corpus_Endometrial_Carcinoma,87,2,49,2
DLGAP4,Uterine_Corpus_Endometrial_Carcinoma,83,6,53,6
SCAF8,Uterine_Corpus_Endometrial_Carcinoma,82,10,50,10
KIAA0368,Uterine_Corpus_Endometrial_Carcinoma,96,13,52,13
TUBGCP5,Uterine_Corpus_Endometrial_Carcinoma,67,9,46,9
MYO1H,Uterine_Corpus_Endometrial_Carcinoma,72,7,46,6
SYNJ1,Uterine_Corpus_Endometrial_Carcinoma,109,16,57,14
DRP2,Uterine_Corpus_Endometrial_Carcinoma,81,6,55,6
MAP1A,Uterine_Corpus_Endometrial_Carcinoma,128,16,61,15
HDLBP,Uterine_Corpus_Endometrial_Carcinoma,109,13,56,13
OSBP2,Uterine_Corpus_Endometrial_Carcinoma,80,3,46,3
MYO18A,Uterine_Corpus_Endometrial_Carcinoma,97,8,54,8
PIK3C2G,Uterine_Corpus_Endometrial_Carcinoma,90,7,46,7
COL17A1,Uterine_Corpus_Endometrial_Carcinoma,91,17,53,16
SYNE1,Uterine_Corpus_Endometrial_Carcinoma,523,54,117,42
TECPR2,Uterine_Corpus_Endometrial_Carcinoma,79,4,50,4
KIF21A,Uterine_Corpus_Endometrial_Carcinoma,120,20,60,16
GIGYF1,Uterine_Corpus_Endometrial_Carcinoma,94,7,61,7
NUFIP2,Uterine_Corpus_Endometrial_Carcinoma,71,2,45,2
RUSC2,Uterine_Corpus_Endometrial_Carcinoma,72,6,48,6
WDR81,Uterine_Corpus_Endometrial_Carcinoma,107,3,51,3
PVRL1,Uterine_Corpus_Endometrial_Carcinoma,66,9,45,9
SLITRK4,Uterine_Corpus_Endometrial_Carcinoma,120,12,60,11
MAP1B,Uterine_Corpus_Endometrial_Carcinoma,186,25,72,20
SORCS2,Uterine_Corpus_Endometrial_Carcinoma,87,7,51,6
STARD8,Uterine_Corpus_Endometrial_Carcinoma,98,9,50,8
PDZRN4,Uterine_Corpus_Endometrial_Carcinoma,95,5,44,5
SLC6A6,Uterine_Corpus_Endometrial_Carcinoma,81,7,57,6
FER1L5,Uterine_Corpus_Endometrial_Carcinoma,66,8,46,8
RAB11FIP1,Uterine_Corpus_Endometrial_Carcinoma,69,1,47,1
SVIL,Uterine_Corpus_Endometrial_Carcinoma,158,28,78,27
ZNF292,Uterine_Corpus_Endometrial_Carcinoma,195,47,87,39
PTPRO,Uterine_Corpus_Endometrial_Carcinoma,90,9,50,9
SP100,Uterine_Corpus_Endometrial_Carcinoma,71,13,47,12
PDCD11,Uterine_Corpus_Endometrial_Carcinoma,97,9,55,8
CECR2,Uterine_Corpus_Endometrial_Carcinoma,72,4,49,4
TFAP2B,Uterine_Corpus_Endometrial_Carcinoma,112,3,62,3
MDGA2,Uterine_Corpus_Endometrial_Carcinoma,120,11,62,11
RPS6KA3,Uterine_Corpus_Endometrial_Carcinoma,106,11,48,11
TAF1L,Uterine_Corpus_Endometrial_Carcinoma,122,10,59,9
USP47,Uterine_Corpus_Endometrial_Carcinoma,95,19,53,17
SSFA2,Uterine_Corpus_Endometrial_Carcinoma,72,6,48,6
ELFN2,Uterine_Corpus_Endometrial_Carcinoma,82,2,61,2
C2orf16,Uterine_Corpus_Endometrial_Carcinoma,87,9,46,7
DNAH8,Uterine_Corpus_Endometrial_Carcinoma,360,45,82,33
TLR8,Uterine_Corpus_Endometrial_Carcinoma,86,8,46,8
ZNF71,Uterine_Corpus_Endometrial_Carcinoma,63,2,45,2
TNRC6A,Uterine_Corpus_Endometrial_Carcinoma,134,11,66,10
SLITRK3,Uterine_Corpus_Endometrial_Carcinoma,164,10,76,10
GPAM,Uterine_Corpus_Endometrial_Carcinoma,76,10,50,10
MITF,Uterine_Corpus_Endometrial_Carcinoma,82,4,54,4
ACAN,Uterine_Corpus_Endometrial_Carcinoma,123,10,60,10
ATP1A2,Uterine_Corpus_Endometrial_Carcinoma,87,6,52,6
ADD3,Uterine_Corpus_Endometrial_Carcinoma,64,18,46,17
PCDHB2,Uterine_Corpus_Endometrial_Carcinoma,100,2,55,2
DOCK7,Uterine_Corpus_Endometrial_Carcinoma,132,22,63,20
MAGEE1,Uterine_Corpus_Endometrial_Carcinoma,86,4,46,4
PLEKHH2,Uterine_Corpus_Endometrial_Carcinoma,114,14,56,12
POTEG,Uterine_Corpus_Endometrial_Carcinoma,74,6,46,6
RYR2,Uterine_Corpus_Endometrial_Carcinoma,500,63,126,40
TMEM132D,Uterine_Corpus_Endometrial_Carcinoma,105,6,56,6
ZC3H6,Uterine_Corpus_Endometrial_Carcinoma,85,12,45,11
ANKRD27,Uterine_Corpus_Endometrial_Carcinoma,75,2,49,2
BRINP3,Uterine_Corpus_Endometrial_Carcinoma,74,2,45,2
C1orf173,Uterine_Corpus_Endometrial_Carcinoma,112,17,56,14
UPF3B,Uterine_Corpus_Endometrial_Carcinoma,60,11,44,10
RNF6,Uterine_Corpus_Endometrial_Carcinoma,74,11,44,11
FRYL,Uterine_Corpus_Endometrial_Carcinoma,154,24,65,24
CNR1,Uterine_Corpus_Endometrial_Carcinoma,82,1,47,1
TRPM3,Uterine_Corpus_Endometrial_Carcinoma,182,10,70,10
FYCO1,Uterine_Corpus_Endometrial_Carcinoma,99,8,56,6
XPO4,Uterine_Corpus_Endometrial_Carcinoma,88,9,50,8
RHOBTB3,Uterine_Corpus_Endometrial_Carcinoma,62,4,44,4
CNNM1,Uterine_Corpus_Endometrial_Carcinoma,79,4,49,4
ATP11A,Uterine_Corpus_Endometrial_Carcinoma,110,7,61,7
PLK2,Uterine_Corpus_Endometrial_Carcinoma,74,11,49,10
FZD7,Uterine_Corpus_Endometrial_Carcinoma,82,1,47,1
SSH2,Uterine_Corpus_Endometrial_Carcinoma,88,11,53,11
ZBTB34,Uterine_Corpus_Endometrial_Carcinoma,110,1,57,1
PBRM1,Uterine_Corpus_Endometrial_Carcinoma,99,21,56,21
DGKK,Uterine_Corpus_Endometrial_Carcinoma,126,13,61,11
VPS8,Uterine_Corpus_Endometrial_Carcinoma,83,11,51,11
MYO3A,Uterine_Corpus_Endometrial_Carcinoma,180,25,68,20
MYO7A,Uterine_Corpus_Endometrial_Carcinoma,141,12,73,12
DNM1P46,Uterine_Corpus_Endometrial_Carcinoma,70,0,44,0
RBFOX1,Uterine_Corpus_Endometrial_Carcinoma,143,4,73,4
HSP90AB1,Uterine_Corpus_Endometrial_Carcinoma,64,9,46,9
NAV1,Uterine_Corpus_Endometrial_Carcinoma,123,23,73,23
PHKA1,Uterine_Corpus_Endometrial_Carcinoma,86,11,49,10
PCDHA7,Uterine_Corpus_Endometrial_Carcinoma,85,4,50,4
BMX,Uterine_Corpus_Endometrial_Carcinoma,73,4,44,4
ATAD5,Uterine_Corpus_Endometrial_Carcinoma,91,22,55,22
ARHGEF40,Uterine_Corpus_Endometrial_Carcinoma,72,15,49,14
TBCD,Uterine_Corpus_Endometrial_Carcinoma,65,4,47,4
PCDHGA7,Uterine_Corpus_Endometrial_Carcinoma,71,3,45,3
ATP1A4,Uterine_Corpus_Endometrial_Carcinoma,78,12,51,12
TANC2,Uterine_Corpus_Endometrial_Carcinoma,111,8,55,7
SLC6A3,Uterine_Corpus_Endometrial_Carcinoma,88,3,52,3
BSN,Uterine_Corpus_Endometrial_Carcinoma,159,12,79,12
COL11A1,Uterine_Corpus_Endometrial_Carcinoma,194,37,75,28
PTPN13,Uterine_Corpus_Endometrial_Carcinoma,139,22,58,18
UBQLN2,Uterine_Corpus_Endometrial_Carcinoma,87,6,55,6
IGSF9,Uterine_Corpus_Endometrial_Carcinoma,80,14,56,14
ZBTB33,Uterine_Corpus_Endometrial_Carcinoma,109,5,58,5
ABCC4,Uterine_Corpus_Endometrial_Carcinoma,91,12,51,11
XPNPEP2,Uterine_Corpus_Endometrial_Carcinoma,67,10,44,10
FRMPD2,Uterine_Corpus_Endometrial_Carcinoma,111,11,55,10
AMER3,Uterine_Corpus_Endometrial_Carcinoma,91,10,51,10
FAT3,Uterine_Corpus_Endometrial_Carcinoma,383,41,93,31
TTC7B,Uterine_Corpus_Endometrial_Carcinoma,70,5,50,5
MYO5C,Uterine_Corpus_Endometrial_Carcinoma,89,9,50,9
PHEX,Uterine_Corpus_Endometrial_Carcinoma,85,5,45,5
BIN1,Uterine_Corpus_Endometrial_Carcinoma,61,1,50,1
TBC1D9,Uterine_Corpus_Endometrial_Carcinoma,85,12,45,12
ARID2,Uterine_Corpus_Endometrial_Carcinoma,122,13,68,13
ENDOV,Uterine_Corpus_Endometrial_Carcinoma,56,0,44,0
ZBTB18,Uterine_Corpus_Endometrial_Carcinoma,68,1,44,1
EPHA8,Uterine_Corpus_Endometrial_Carcinoma,78,4,49,4
PCDHB1,Uterine_Corpus_Endometrial_Carcinoma,70,6,46,5
KIAA1239,Uterine_Corpus_Endometrial_Carcinoma,109,9,51,8
KCNMA1,Uterine_Corpus_Endometrial_Carcinoma,127,8,71,8
ABCA3,Uterine_Corpus_Endometrial_Carcinoma,109,3,54,3
EGF,Uterine_Corpus_Endometrial_Carcinoma,96,15,45,14
DOCK5,Uterine_Corpus_Endometrial_Carcinoma,110,21,55,19
ISLR2,Uterine_Corpus_Endometrial_Carcinoma,72,1,44,1
WDR33,Uterine_Corpus_Endometrial_Carcinoma,98,6,55,6
SLITRK1,Uterine_Corpus_Endometrial_Carcinoma,171,5,74,5
SLC13A1,Uterine_Corpus_Endometrial_Carcinoma,63,7,45,7
CHM,Uterine_Corpus_Endometrial_Carcinoma,99,12,53,10
SMARCAD1,Uterine_Corpus_Endometrial_Carcinoma,71,12,49,12
SP4,Uterine_Corpus_Endometrial_Carcinoma,95,1,51,1
NRCAM,Uterine_Corpus_Endometrial_Carcinoma,96,10,46,10
IL1RAPL2,Uterine_Corpus_Endometrial_Carcinoma,101,12,49,9
CTCFL,Uterine_Corpus_Endometrial_Carcinoma,80,7,50,7
ZFP91,Uterine_Corpus_Endometrial_Carcinoma,75,7,51,5
FAM120A,Uterine_Corpus_Endometrial_Carcinoma,102,6,58,6
FREM1,Uterine_Corpus_Endometrial_Carcinoma,145,16,68,15
HEPHL1,Uterine_Corpus_Endometrial_Carcinoma,94,13,50,12
TP53BP2,Uterine_Corpus_Endometrial_Carcinoma,76,14,49,13
RBBP6,Uterine_Corpus_Endometrial_Carcinoma,111,29,59,26
ZFYVE26,Uterine_Corpus_Endometrial_Carcinoma,119,5,56,5
MYO16,Uterine_Corpus_Endometrial_Carcinoma,139,22,66,21
PHF1,Uterine_Corpus_Endometrial_Carcinoma,59,5,45,5
PCDH11X,Uterine_Corpus_Endometrial_Carcinoma,181,5,71,5
SSTR1,Uterine_Corpus_Endometrial_Carcinoma,85,0,50,0
PI4KA,Uterine_Corpus_Endometrial_Carcinoma,117,13,61,13
KPNA4,Uterine_Corpus_Endometrial_Carcinoma,65,2,44,2
ABCC10,Uterine_Corpus_Endometrial_Carcinoma,64,4,46,4
SLC4A8,Uterine_Corpus_Endometrial_Carcinoma,74,7,45,5
DST,Uterine_Corpus_Endometrial_Carcinoma,572,57,110,38
WNK2,Uterine_Corpus_Endometrial_Carcinoma,84,7,52,7
MYT1L,Uterine_Corpus_Endometrial_Carcinoma,132,11,62,10
HERC1,Uterine_Corpus_Endometrial_Carcinoma,196,25,83,22
PCF11,Uterine_Corpus_Endometrial_Carcinoma,80,7,46,7
OAS2,Uterine_Corpus_Endometrial_Carcinoma,70,11,47,11
PLCB3,Uterine_Corpus_Endometrial_Carcinoma,60,2,44,2
RNF17,Uterine_Corpus_Endometrial_Carcinoma,130,26,51,19
PRDM9,Uterine_Corpus_Endometrial_Carcinoma,107,9,55,8
SSH1,Uterine_Corpus_Endometrial_Carcinoma,78,7,46,7
DPP6,Uterine_Corpus_Endometrial_Carcinoma,115,6,67,5
ARHGEF9,Uterine_Corpus_Endometrial_Carcinoma,89,12,53,12
RGPD3,Uterine_Corpus_Endometrial_Carcinoma,134,20,60,15
DIAPH1,Uterine_Corpus_Endometrial_Carcinoma,84,8,59,8
ROBO4,Uterine_Corpus_Endometrial_Carcinoma,76,4,45,3
CHL1,Uterine_Corpus_Endometrial_Carcinoma,152,19,69,14
DNAH12,Uterine_Corpus_Endometrial_Carcinoma,201,33,68,26
PID1,Uterine_Corpus_Endometrial_Carcinoma,85,3,61,3
DENND4A,Uterine_Corpus_Endometrial_Carcinoma,97,15,49,13
SPECC1,Uterine_Corpus_Endometrial_Carcinoma,67,10,47,10
SNRK,Uterine_Corpus_Endometrial_Carcinoma,81,0,46,0
PKD1,Uterine_Corpus_Endometrial_Carcinoma,204,14,84,13
XIRP2,Uterine_Corpus_Endometrial_Carcinoma,330,45,83,29
ARHGEF18,Uterine_Corpus_Endometrial_Carcinoma,77,9,53,9
ETS1,Uterine_Corpus_Endometrial_Carcinoma,73,1,49,1
C6,Uterine_Corpus_Endometrial_Carcinoma,80,17,51,17
CDC42BPA,Uterine_Corpus_Endometrial_Carcinoma,102,11,54,7
PLEKHA7,Uterine_Corpus_Endometrial_Carcinoma,61,11,44,11
RGS22,Uterine_Corpus_Endometrial_Carcinoma,110,21,47,16
ZNF594,Uterine_Corpus_Endometrial_Carcinoma,96,4,47,4
TANC1,Uterine_Corpus_Endometrial_Carcinoma,94,5,56,5
SHROOM3,Uterine_Corpus_Endometrial_Carcinoma,75,4,46,4
CPSF1,Uterine_Corpus_Endometrial_Carcinoma,79,3,47,3
TPTE,Uterine_Corpus_Endometrial_Carcinoma,231,29,71,26
TCERG1L,Uterine_Corpus_Endometrial_Carcinoma,72,6,46,6
DIP2A,Uterine_Corpus_Endometrial_Carcinoma,124,13,59,12
BNC2,Uterine_Corpus_Endometrial_Carcinoma,176,6,62,6
MMP16,Uterine_Corpus_Endometrial_Carcinoma,147,9,68,9
ZNF525,Uterine_Corpus_Endometrial_Carcinoma,116,3,51,3
CTNND1,Uterine_Corpus_Endometrial_Carcinoma,100,13,57,12
PNPLA6,Uterine_Corpus_Endometrial_Carcinoma,95,13,56,12
UPF2,Uterine_Corpus_Endometrial_Carcinoma,72,8,45,8
ITPR1,Uterine_Corpus_Endometrial_Carcinoma,189,10,76,9
EHMT1,Uterine_Corpus_Endometrial_Carcinoma,109,4,55,4
NBAS,Uterine_Corpus_Endometrial_Carcinoma,118,14,55,12
CCDC39,Uterine_Corpus_Endometrial_Carcinoma,109,25,55,22
SPEG,Uterine_Corpus_Endometrial_Carcinoma,179,18,79,16
NOL4,Uterine_Corpus_Endometrial_Carcinoma,125,8,69,6
ARAP3,Uterine_Corpus_Endometrial_Carcinoma,91,10,51,10
SP1,Uterine_Corpus_Endometrial_Carcinoma,87,2,51,2
CACNA2D4,Uterine_Corpus_Endometrial_Carcinoma,99,7,51,7
ZNF608,Uterine_Corpus_Endometrial_Carcinoma,80,10,47,10
KIF4B,Uterine_Corpus_Endometrial_Carcinoma,86,6,52,6
PRDM15,Uterine_Corpus_Endometrial_Carcinoma,76,8,45,7
ABI3BP,Uterine_Corpus_Endometrial_Carcinoma,128,5,63,5
NUP210,Uterine_Corpus_Endometrial_Carcinoma,89,3,61,3
POTEH,Uterine_Corpus_Endometrial_Carcinoma,117,5,52,5
SYCP1,Uterine_Corpus_Endometrial_Carcinoma,95,24,48,19
MANBA,Uterine_Corpus_Endometrial_Carcinoma,69,5,46,5
PLOD3,Uterine_Corpus_Endometrial_Carcinoma,72,8,44,8
SYCP2,Uterine_Corpus_Endometrial_Carcinoma,170,31,60,27
MLLT4,Uterine_Corpus_Endometrial_Carcinoma,110,19,54,15
UHRF1BP1,Uterine_Corpus_Endometrial_Carcinoma,89,10,50,10
NBEAL1,Uterine_Corpus_Endometrial_Carcinoma,140,30,57,21
MAP7D2,Uterine_Corpus_Endometrial_Carcinoma,91,8,52,8
EIF4G1,Uterine_Corpus_Endometrial_Carcinoma,99,11,49,11
INADL,Uterine_Corpus_Endometrial_Carcinoma,107,11,50,11
PREX1,Uterine_Corpus_Endometrial_Carcinoma,93,7,46,6
BAZ1B,Uterine_Corpus_Endometrial_Carcinoma,85,11,44,9
TPR,Uterine_Corpus_Endometrial_Carcinoma,146,19,60,18
CCDC180,Uterine_Corpus_Endometrial_Carcinoma,103,9,54,9
GRM4,Uterine_Corpus_Endometrial_Carcinoma,70,1,49,1
FAM71E2,Uterine_Corpus_Endometrial_Carcinoma,55,8,44,7
DSPP,Uterine_Corpus_Endometrial_Carcinoma,109,7,54,6
GBF1,Uterine_Corpus_Endometrial_Carcinoma,67,13,49,13
KIAA1217,Uterine_Corpus_Endometrial_Carcinoma,154,13,72,13
CDH7,Uterine_Corpus_Endometrial_Carcinoma,101,9,56,8
HERC2,Uterine_Corpus_Endometrial_Carcinoma,334,33,96,26
DCAF4L1,Uterine_Corpus_Endometrial_Carcinoma,103,2,54,2
JADE2,Uterine_Corpus_Endometrial_Carcinoma,83,3,47,3
FGA,Uterine_Corpus_Endometrial_Carcinoma,97,4,45,4
BICD2,Uterine_Corpus_Endometrial_Carcinoma,93,1,50,1
PITPNM1,Uterine_Corpus_Endometrial_Carcinoma,81,6,46,6
CNGB1,Uterine_Corpus_Endometrial_Carcinoma,91,8,49,8
DCLK1,Uterine_Corpus_Endometrial_Carcinoma,83,3,46,3
ITGAE,Uterine_Corpus_Endometrial_Carcinoma,75,9,44,8
MBNL1,Uterine_Corpus_Endometrial_Carcinoma,83,7,51,5
PCSK5,Uterine_Corpus_Endometrial_Carcinoma,92,12,50,11
NES,Uterine_Corpus_Endometrial_Carcinoma,74,13,53,12
RERE,Uterine_Corpus_Endometrial_Carcinoma,101,14,58,12
GRIK3,Uterine_Corpus_Endometrial_Carcinoma,72,3,51,3
SPTBN2,Uterine_Corpus_Endometrial_Carcinoma,131,13,70,13
ATP2A1,Uterine_Corpus_Endometrial_Carcinoma,76,8,54,8
PTENP1,Uterine_Corpus_Endometrial_Carcinoma,72,0,49,0
GALNT1,Uterine_Corpus_Endometrial_Carcinoma,67,8,45,8
ADAMTS16,Uterine_Corpus_Endometrial_Carcinoma,109,10,56,10
ATXN1L,Uterine_Corpus_Endometrial_Carcinoma,96,4,51,4
SALL3,Uterine_Corpus_Endometrial_Carcinoma,82,1,50,1
CAND2,Uterine_Corpus_Endometrial_Carcinoma,74,1,46,1
CEP170,Uterine_Corpus_Endometrial_Carcinoma,151,14,70,13
CLTCL1,Uterine_Corpus_Endometrial_Carcinoma,75,3,50,3
FASN,Uterine_Corpus_Endometrial_Carcinoma,124,15,63,15
SLK,Uterine_Corpus_Endometrial_Carcinoma,76,11,48,11
SEC31A,Uterine_Corpus_Endometrial_Carcinoma,71,12,48,11
ADAM7,Uterine_Corpus_Endometrial_Carcinoma,75,14,45,13
KBTBD8,Uterine_Corpus_Endometrial_Carcinoma,94,5,57,5
MADD,Uterine_Corpus_Endometrial_Carcinoma,83,10,48,10
PCDHB15,Uterine_Corpus_Endometrial_Carcinoma,83,6,52,6
TRHDE,Uterine_Corpus_Endometrial_Carcinoma,101,9,53,9
MICAL2,Uterine_Corpus_Endometrial_Carcinoma,74,10,45,10
DOCK9,Uterine_Corpus_Endometrial_Carcinoma,126,15,64,14
DLC1,Uterine_Corpus_Endometrial_Carcinoma,121,12,56,11
CYLC1,Uterine_Corpus_Endometrial_Carcinoma,78,10,47,10
RBMXL3,Uterine_Corpus_Endometrial_Carcinoma,129,6,66,5
PIK3CB,Uterine_Corpus_Endometrial_Carcinoma,73,12,44,11
ZNF148,Uterine_Corpus_Endometrial_Carcinoma,97,1,61,1
TNRC6C,Uterine_Corpus_Endometrial_Carcinoma,89,7,51,7
DIP2C,Uterine_Corpus_Endometrial_Carcinoma,128,7,60,6
HEATR1,Uterine_Corpus_Endometrial_Carcinoma,112,9,58,9
SETD5,Uterine_Corpus_Endometrial_Carcinoma,100,11,56,11
ZNF423,Uterine_Corpus_Endometrial_Carcinoma,96,3,53,3
FMN1,Uterine_Corpus_Endometrial_Carcinoma,111,13,53,12
KCNQ2,Uterine_Corpus_Endometrial_Carcinoma,57,7,44,7
WDR52,Uterine_Corpus_Endometrial_Carcinoma,99,31,50,26
PAPOLA,Uterine_Corpus_Endometrial_Carcinoma,84,9,50,8
PCDHGA1,Uterine_Corpus_Endometrial_Carcinoma,85,6,53,6
DDX3X,Uterine_Corpus_Endometrial_Carcinoma,106,6,59,6
AAK1,Uterine_Corpus_Endometrial_Carcinoma,98,0,54,0
PRRC2C,Uterine_Corpus_Endometrial_Carcinoma,134,16,65,14
DOPEY2,Uterine_Corpus_Endometrial_Carcinoma,119,16,63,13
AIFM1,Uterine_Corpus_Endometrial_Carcinoma,65,6,44,6
KIF17,Uterine_Corpus_Endometrial_Carcinoma,67,3,44,3
COL16A1,Uterine_Corpus_Endometrial_Carcinoma,86,9,48,9
FCRL5,Uterine_Corpus_Endometrial_Carcinoma,68,4,44,4
PCDHGA3,Uterine_Corpus_Endometrial_Carcinoma,100,4,62,3
WRN,Uterine_Corpus_Endometrial_Carcinoma,67,20,47,19
MYOM3,Uterine_Corpus_Endometrial_Carcinoma,95,17,62,16
FRMD7,Uterine_Corpus_Endometrial_Carcinoma,75,7,45,7
PCDHA12,Uterine_Corpus_Endometrial_Carcinoma,97,5,67,5
HDAC6,Uterine_Corpus_Endometrial_Carcinoma,99,10,59,10
CSMD3,Uterine_Corpus_Endometrial_Carcinoma,521,70,125,43
CACNA1S,Uterine_Corpus_Endometrial_Carcinoma,141,7,64,7
ZDBF2,Uterine_Corpus_Endometrial_Carcinoma,166,33,56,26
AFF3,Uterine_Corpus_Endometrial_Carcinoma,94,10,49,10
ROBO1,Uterine_Corpus_Endometrial_Carcinoma,152,30,77,23
TSHZ1,Uterine_Corpus_Endometrial_Carcinoma,84,0,51,0
WDR60,Uterine_Corpus_Endometrial_Carcinoma,77,10,49,9
MAF,Uterine_Corpus_Endometrial_Carcinoma,113,0,67,0
CENPC,Uterine_Corpus_Endometrial_Carcinoma,80,13,47,12
PASK,Uterine_Corpus_Endometrial_Carcinoma,69,3,45,3
ZFP3,Uterine_Corpus_Endometrial_Carcinoma,93,5,45,5
NRAP,Uterine_Corpus_Endometrial_Carcinoma,125,16,58,15
DENND4B,Uterine_Corpus_Endometrial_Carcinoma,87,9,51,9
NCAM1,Uterine_Corpus_Endometrial_Carcinoma,128,6,56,5
TLN2,Uterine_Corpus_Endometrial_Carcinoma,133,13,57,12
USP11,Uterine_Corpus_Endometrial_Carcinoma,64,7,44,7
HECTD4,Uterine_Corpus_Endometrial_Carcinoma,220,25,87,24
PHKA2,Uterine_Corpus_Endometrial_Carcinoma,111,11,61,11
ARHGEF15,Uterine_Corpus_Endometrial_Carcinoma,64,10,47,10
RAPGEF4,Uterine_Corpus_Endometrial_Carcinoma,95,8,52,6
MKLN1,Uterine_Corpus_Endometrial_Carcinoma,79,8,50,7
MUC4,Uterine_Corpus_Endometrial_Carcinoma,245,11,114,11
IMPG2,Uterine_Corpus_Endometrial_Carcinoma,95,8,46,5
PCDH18,Uterine_Corpus_Endometrial_Carcinoma,110,6,51,5
ARHGAP4,Uterine_Corpus_Endometrial_Carcinoma,67,3,44,2
SMAD5,Uterine_Corpus_Endometrial_Carcinoma,62,2,50,2
PTPN5,Uterine_Corpus_Endometrial_Carcinoma,60,9,45,8
FREM2,Uterine_Corpus_Endometrial_Carcinoma,157,13,68,11
ABCA7,Uterine_Corpus_Endometrial_Carcinoma,111,5,57,5
SORCS3,Uterine_Corpus_Endometrial_Carcinoma,114,6,56,5
MAPK8IP3,Uterine_Corpus_Endometrial_Carcinoma,69,8,46,7
MGA,Uterine_Corpus_Endometrial_Carcinoma,178,37,80,33
ALMS1,Uterine_Corpus_Endometrial_Carcinoma,172,15,72,15
BAZ2B,Uterine_Corpus_Endometrial_Carcinoma,128,14,65,14
PCDHB6,Uterine_Corpus_Endometrial_Carcinoma,122,3,60,2
ABCA2,Uterine_Corpus_Endometrial_Carcinoma,94,7,48,7
TCERG1,Uterine_Corpus_Endometrial_Carcinoma,113,32,64,30
TPP2,Uterine_Corpus_Endometrial_Carcinoma,78,9,52,9
AXL,Uterine_Corpus_Endometrial_Carcinoma,80,5,53,5
RYR3,Uterine_Corpus_Endometrial_Carcinoma,355,37,94,27
IGSF10,Uterine_Corpus_Endometrial_Carcinoma,188,24,70,20
CC2D2A,Uterine_Corpus_Endometrial_Carcinoma,86,15,53,14
ZNF208,Uterine_Corpus_Endometrial_Carcinoma,98,4,51,4
ARHGAP42,Uterine_Corpus_Endometrial_Carcinoma,73,6,45,6
THOC2,Uterine_Corpus_Endometrial_Carcinoma,148,18,59,16
YTHDF3,Uterine_Corpus_Endometrial_Carcinoma,76,3,45,3
KCNA1,Uterine_Corpus_Endometrial_Carcinoma,185,4,63,4
DNAH3,Uterine_Corpus_Endometrial_Carcinoma,307,31,83,27
MBD6,Uterine_Corpus_Endometrial_Carcinoma,81,24,59,22
MYO1D,Uterine_Corpus_Endometrial_Carcinoma,68,7,47,7
KIAA1683,Uterine_Corpus_Endometrial_Carcinoma,63,3,46,3
BRCA2,Uterine_Corpus_Endometrial_Carcinoma,222,33,76,28
PPRC1,Uterine_Corpus_Endometrial_Carcinoma,72,7,45,7
PGAP1,Uterine_Corpus_Endometrial_Carcinoma,88,3,51,3
SSC5D,Uterine_Corpus_Endometrial_Carcinoma,66,8,47,8
LCT,Uterine_Corpus_Endometrial_Carcinoma,139,15,64,13
SRRM1,Uterine_Corpus_Endometrial_Carcinoma,67,6,48,5
PIK3CG,Uterine_Corpus_Endometrial_Carcinoma,109,12,56,11
ITGB4,Uterine_Corpus_Endometrial_Carcinoma,81,13,46,11
INSC,Uterine_Corpus_Endometrial_Carcinoma,64,2,44,2
THSD7B,Uterine_Corpus_Endometrial_Carcinoma,142,18,64,18
DLG5,Uterine_Corpus_Endometrial_Carcinoma,90,6,48,6
DICER1,Uterine_Corpus_Endometrial_Carcinoma,123,14,63,14
ACTN1,Uterine_Corpus_Endometrial_Carcinoma,66,5,50,5
CUL5,Uterine_Corpus_Endometrial_Carcinoma,75,12,47,12
KIF15,Uterine_Corpus_Endometrial_Carcinoma,78,12,46,11
DCHS2,Uterine_Corpus_Endometrial_Carcinoma,274,26,78,18
ITPKB,Uterine_Corpus_Endometrial_Carcinoma,67,7,49,7
ARHGEF10L,Uterine_Corpus_Endometrial_Carcinoma,91,3,45,3
HERC2P3,Uterine_Corpus_Endometrial_Carcinoma,113,7,48,6
AGBL5,Uterine_Corpus_Endometrial_Carcinoma,68,6,47,6
CCAR2,Uterine_Corpus_Endometrial_Carcinoma,57,10,44,10
NR3C1,Uterine_Corpus_Endometrial_Carcinoma,110,11,56,10
CCDC88A,Uterine_Corpus_Endometrial_Carcinoma,140,27,60,23
CHD7,Uterine_Corpus_Endometrial_Carcinoma,182,22,74,20
PCDHB8,Uterine_Corpus_Endometrial_Carcinoma,210,1,81,1
ZNF765,Uterine_Corpus_Endometrial_Carcinoma,95,3,50,3
ABCC2,Uterine_Corpus_Endometrial_Carcinoma,127,19,60,16
PYHIN1,Uterine_Corpus_Endometrial_Carcinoma,67,17,44,16
GPATCH8,Uterine_Corpus_Endometrial_Carcinoma,75,15,52,13
USP34,Uterine_Corpus_Endometrial_Carcinoma,169,26,71,22
DNAH7,Uterine_Corpus_Endometrial_Carcinoma,323,53,100,41
ZBED4,Uterine_Corpus_Endometrial_Carcinoma,108,2,67,2
TTK,Uterine_Corpus_Endometrial_Carcinoma,68,16,50,16
CR1,Uterine_Corpus_Endometrial_Carcinoma,119,8,59,8
PRDM16,Uterine_Corpus_Endometrial_Carcinoma,84,2,46,2
PAX6,Uterine_Corpus_Endometrial_Carcinoma,76,15,48,15
AQR,Uterine_Corpus_Endometrial_Carcinoma,90,8,51,7
SMC1A,Uterine_Corpus_Endometrial_Carcinoma,107,3,59,3
SLCO3A1,Uterine_Corpus_Endometrial_Carcinoma,75,4,51,4
CUL3,Uterine_Corpus_Endometrial_Carcinoma,86,13,50,13
ROBO2,Uterine_Corpus_Endometrial_Carcinoma,125,22,59,18
SIGLEC1,Uterine_Corpus_Endometrial_Carcinoma,91,5,55,5
ADAMTSL1,Uterine_Corpus_Endometrial_Carcinoma,119,14,67,14
MAST4,Uterine_Corpus_Endometrial_Carcinoma,108,14,53,12
ANKRD36,Uterine_Corpus_Endometrial_Carcinoma,115,22,58,19
ST8SIA4,Uterine_Corpus_Endometrial_Carcinoma,121,8,62,8
PTCHD3,Uterine_Corpus_Endometrial_Carcinoma,72,7,49,7
GCNT2,Uterine_Corpus_Endometrial_Carcinoma,70,2,45,2
UNC79,Uterine_Corpus_Endometrial_Carcinoma,190,30,69,27
ARAP2,Uterine_Corpus_Endometrial_Carcinoma,114,20,58,15
KLHL1,Uterine_Corpus_Endometrial_Carcinoma,85,12,45,12
CTBP2,Uterine_Corpus_Endometrial_Carcinoma,75,1,47,1
SOX9,Uterine_Corpus_Endometrial_Carcinoma,62,6,46,6
ETNK1,Uterine_Corpus_Endometrial_Carcinoma,76,4,46,4
USP6,Uterine_Corpus_Endometrial_Carcinoma,137,15,62,12
CLTC,Uterine_Corpus_Endometrial_Carcinoma,91,12,51,12
DHX29,Uterine_Corpus_Endometrial_Carcinoma,73,9,46,9
SCN1A,Uterine_Corpus_Endometrial_Carcinoma,176,21,70,19
DIEXF,Uterine_Corpus_Endometrial_Carcinoma,68,7,46,7
VAV2,Uterine_Corpus_Endometrial_Carcinoma,71,2,48,2
ABCB7,Uterine_Corpus_Endometrial_Carcinoma,80,10,50,8
AASS,Uterine_Corpus_Endometrial_Carcinoma,71,4,44,3
EYA4,Uterine_Corpus_Endometrial_Carcinoma,95,11,52,10
KIAA1549L,Uterine_Corpus_Endometrial_Carcinoma,117,6,56,6
SLC9C2,Uterine_Corpus_Endometrial_Carcinoma,106,17,52,14
NCAN,Uterine_Corpus_Endometrial_Carcinoma,66,6,44,6
ADCY6,Uterine_Corpus_Endometrial_Carcinoma,75,4,46,4
SASH1,Uterine_Corpus_Endometrial_Carcinoma,97,11,51,10
POM121L2,Uterine_Corpus_Endometrial_Carcinoma,98,6,45,6
LRP2,Uterine_Corpus_Endometrial_Carcinoma,344,39,100,28
RHPN2,Uterine_Corpus_Endometrial_Carcinoma,61,6,45,6
BCL9,Uterine_Corpus_Endometrial_Carcinoma,99,9,56,8
CHD1,Uterine_Corpus_Endometrial_Carcinoma,113,27,56,21
MTSS1,Uterine_Corpus_Endometrial_Carcinoma,83,5,53,5
ERBB2IP,Uterine_Corpus_Endometrial_Carcinoma,89,19,44,16
KMT2B,Uterine_Corpus_Endometrial_Carcinoma,235,65,108,53
FAT2,Uterine_Corpus_Endometrial_Carcinoma,262,25,90,24
MTMR4,Uterine_Corpus_Endometrial_Carcinoma,90,6,49,6
FOXO1,Uterine_Corpus_Endometrial_Carcinoma,64,2,44,2
ANK2,Uterine_Corpus_Endometrial_Carcinoma,265,30,91,23
TAF1,Uterine_Corpus_Endometrial_Carcinoma,183,16,92,16
DNAH14,Uterine_Corpus_Endometrial_Carcinoma,257,24,86,18
LPHN1,Uterine_Corpus_Endometrial_Carcinoma,92,5,52,5
ABCC8,Uterine_Corpus_Endometrial_Carcinoma,120,4,49,4
GPR98,Uterine_Corpus_Endometrial_Carcinoma,275,38,78,28
RTL1,Uterine_Corpus_Endometrial_Carcinoma,119,7,60,6
CCDC144A,Uterine_Corpus_Endometrial_Carcinoma,102,11,50,8
USP36,Uterine_Corpus_Endometrial_Carcinoma,83,10,49,10
APBA2,Uterine_Corpus_Endometrial_Carcinoma,67,4,44,4
KIAA1211,Uterine_Corpus_Endometrial_Carcinoma,120,15,58,14
SGIP1,Uterine_Corpus_Endometrial_Carcinoma,86,6,47,5
FLNB,Uterine_Corpus_Endometrial_Carcinoma,153,21,70,20
OBSCN,Uterine_Corpus_Endometrial_Carcinoma,481,23,127,20
PCNXL2,Uterine_Corpus_Endometrial_Carcinoma,117,12,72,12
PCDHGA4,Uterine_Corpus_Endometrial_Carcinoma,72,1,47,1
PCDH15,Uterine_Corpus_Endometrial_Carcinoma,293,39,86,30
NFAT5,Uterine_Corpus_Endometrial_Carcinoma,111,6,55,4
ADAMTS9,Uterine_Corpus_Endometrial_Carcinoma,77,6,52,6
REV3L,Uterine_Corpus_Endometrial_Carcinoma,200,29,75,27
COL1A2,Uterine_Corpus_Endometrial_Carcinoma,84,8,53,8
ZMYND11,Uterine_Corpus_Endometrial_Carcinoma,73,4,49,4
DPF3,Uterine_Corpus_Endometrial_Carcinoma,80,2,52,2
ZNF609,Uterine_Corpus_Endometrial_Carcinoma,108,22,63,20
LRFN5,Uterine_Corpus_Endometrial_Carcinoma,117,2,59,2
TNS1,Uterine_Corpus_Endometrial_Carcinoma,95,12,57,12
DYSF,Uterine_Corpus_Endometrial_Carcinoma,158,21,65,17
ITIH6,Uterine_Corpus_Endometrial_Carcinoma,117,13,61,12
NCBP1,Uterine_Corpus_Endometrial_Carcinoma,67,13,45,13
LMTK2,Uterine_Corpus_Endometrial_Carcinoma,100,10,63,10
DDX26B,Uterine_Corpus_Endometrial_Carcinoma,99,15,53,15
APPL1,Uterine_Corpus_Endometrial_Carcinoma,81,10,46,10
LRRTM4,Uterine_Corpus_Endometrial_Carcinoma,104,4,54,4
BMP1,Uterine_Corpus_Endometrial_Carcinoma,77,2,50,2
CBLB,Uterine_Corpus_Endometrial_Carcinoma,85,5,46,5
TSHZ3,Uterine_Corpus_Endometrial_Carcinoma,182,14,89,14
MAST2,Uterine_Corpus_Endometrial_Carcinoma,76,9,46,9
TMC4,Uterine_Corpus_Endometrial_Carcinoma,55,7,45,7
ZNF479,Uterine_Corpus_Endometrial_Carcinoma,93,5,47,5
GVINP1,Uterine_Corpus_Endometrial_Carcinoma,114,0,44,0
TENM1,Uterine_Corpus_Endometrial_Carcinoma,314,22,94,18
CUX1,Uterine_Corpus_Endometrial_Carcinoma,124,24,68,21
PHLDB2,Uterine_Corpus_Endometrial_Carcinoma,95,6,49,5
SRRM2,Uterine_Corpus_Endometrial_Carcinoma,179,12,74,11
LUZP1,Uterine_Corpus_Endometrial_Carcinoma,104,11,54,11
AMMECR1L,Uterine_Corpus_Endometrial_Carcinoma,60,1,44,1
DIP2B,Uterine_Corpus_Endometrial_Carcinoma,87,9,45,8
ZNF618,Uterine_Corpus_Endometrial_Carcinoma,83,2,53,2
UBE3B,Uterine_Corpus_Endometrial_Carcinoma,79,8,47,8
PSD,Uterine_Corpus_Endometrial_Carcinoma,75,13,52,11
AGO2,Uterine_Corpus_Endometrial_Carcinoma,88,18,60,16
SKIDA1,Uterine_Corpus_Endometrial_Carcinoma,108,1,56,1
NR4A3,Uterine_Corpus_Endometrial_Carcinoma,99,5,51,5
SPTAN1,Uterine_Corpus_Endometrial_Carcinoma,133,11,65,11
C12orf55,Uterine_Corpus_Endometrial_Carcinoma,179,31,58,24
A2ML1,Uterine_Corpus_Endometrial_Carcinoma,89,8,45,8
NPHP3,Uterine_Corpus_Endometrial_Carcinoma,63,14,44,12
TMPRSS15,Uterine_Corpus_Endometrial_Carcinoma,66,6,45,5
MYO5A,Uterine_Corpus_Endometrial_Carcinoma,130,14,61,14
NISCH,Uterine_Corpus_Endometrial_Carcinoma,75,2,44,2
PLXNC1,Uterine_Corpus_Endometrial_Carcinoma,117,20,50,17
FNDC3B,Uterine_Corpus_Endometrial_Carcinoma,90,7,52,7
PRKD1,Uterine_Corpus_Endometrial_Carcinoma,73,7,48,5
CACHD1,Uterine_Corpus_Endometrial_Carcinoma,76,8,45,8
WHSC1L1,Uterine_Corpus_Endometrial_Carcinoma,100,17,60,14
AKAP11,Uterine_Corpus_Endometrial_Carcinoma,85,7,55,7
DNHD1,Uterine_Corpus_Endometrial_Carcinoma,259,17,91,14
TEP1,Uterine_Corpus_Endometrial_Carcinoma,108,6,54,6
SVEP1,Uterine_Corpus_Endometrial_Carcinoma,214,16,72,13
DYNC1LI2,Uterine_Corpus_Endometrial_Carcinoma,53,5,44,5
GAS6,Uterine_Corpus_Endometrial_Carcinoma,65,7,46,7
ATRNL1,Uterine_Corpus_Endometrial_Carcinoma,108,20,55,19
USP15,Uterine_Corpus_Endometrial_Carcinoma,59,7,47,7
ZNF335,Uterine_Corpus_Endometrial_Carcinoma,87,3,49,3
CEP290,Uterine_Corpus_Endometrial_Carcinoma,176,50,79,39
SCAPER,Uterine_Corpus_Endometrial_Carcinoma,94,15,45,14
PCNX,Uterine_Corpus_Endometrial_Carcinoma,151,10,60,10
HYDIN,Uterine_Corpus_Endometrial_Carcinoma,246,21,78,17
HR,Uterine_Corpus_Endometrial_Carcinoma,68,8,45,8
POP1,Uterine_Corpus_Endometrial_Carcinoma,67,10,46,10
JAKMIP1,Uterine_Corpus_Endometrial_Carcinoma,70,4,45,4
PIK3R1,Uterine_Corpus_Endometrial_Carcinoma,224,138,151,112
GPR64,Uterine_Corpus_Endometrial_Carcinoma,102,12,57,10
ARHGAP17,Uterine_Corpus_Endometrial_Carcinoma,71,6,52,6
PDS5B,Uterine_Corpus_Endometrial_Carcinoma,113,22,59,21
COL5A2,Uterine_Corpus_Endometrial_Carcinoma,113,22,58,20
PHACTR1,Uterine_Corpus_Endometrial_Carcinoma,64,2,44,2
FGFR2,Uterine_Corpus_Endometrial_Carcinoma,130,14,81,12
SCN8A,Uterine_Corpus_Endometrial_Carcinoma,124,7,60,7
ATXN2,Uterine_Corpus_Endometrial_Carcinoma,81,12,51,11
THRAP3,Uterine_Corpus_Endometrial_Carcinoma,61,10,46,10
ZNF711,Uterine_Corpus_Endometrial_Carcinoma,92,13,50,12
RELN,Uterine_Corpus_Endometrial_Carcinoma,221,20,68,17
CUL9,Uterine_Corpus_Endometrial_Carcinoma,120,14,59,13
TG,Uterine_Corpus_Endometrial_Carcinoma,213,22,85,21
ZHX2,Uterine_Corpus_Endometrial_Carcinoma,92,2,60,2
LAMC3,Uterine_Corpus_Endometrial_Carcinoma,94,8,58,8
TMEM132C,Uterine_Corpus_Endometrial_Carcinoma,101,3,57,3
MYRF,Uterine_Corpus_Endometrial_Carcinoma,61,15,44,14
MLLT10,Uterine_Corpus_Endometrial_Carcinoma,64,8,45,8
PAXBP1,Uterine_Corpus_Endometrial_Carcinoma,73,12,44,11
CDH18,Uterine_Corpus_Endometrial_Carcinoma,81,4,45,4
SACS,Uterine_Corpus_Endometrial_Carcinoma,339,49,84,30
CGGBP1,Uterine_Corpus_Endometrial_Carcinoma,70,1,45,1
CDH23,Uterine_Corpus_Endometrial_Carcinoma,231,12,87,10
SFMBT2,Uterine_Corpus_Endometrial_Carcinoma,81,9,45,8
ACTN4,Uterine_Corpus_Endometrial_Carcinoma,80,3,47,3
DNAH9,Uterine_Corpus_Endometrial_Carcinoma,306,26,83,21
DCC,Uterine_Corpus_Endometrial_Carcinoma,167,25,74,22
CXorf57,Uterine_Corpus_Endometrial_Carcinoma,97,3,50,3
LMAN1,Uterine_Corpus_Endometrial_Carcinoma,55,21,44,21
PLCH1,Uterine_Corpus_Endometrial_Carcinoma,119,11,60,11
NUP210L,Uterine_Corpus_Endometrial_Carcinoma,121,19,63,17
CREB5,Uterine_Corpus_Endometrial_Carcinoma,113,6,51,5
RALGAPB,Uterine_Corpus_Endometrial_Carcinoma,99,12,60,12
TOP2B,Uterine_Corpus_Endometrial_Carcinoma,106,13,53,12
FER1L6,Uterine_Corpus_Endometrial_Carcinoma,113,19,58,19
NCOA6,Uterine_Corpus_Endometrial_Carcinoma,100,10,59,10
SLC12A4,Uterine_Corpus_Endometrial_Carcinoma,56,5,45,5
FRY,Uterine_Corpus_Endometrial_Carcinoma,213,22,68,17
ATR,Uterine_Corpus_Endometrial_Carcinoma,131,20,59,19
CTNNA3,Uterine_Corpus_Endometrial_Carcinoma,79,10,50,10
POLR2B,Uterine_Corpus_Endometrial_Carcinoma,69,9,50,8
SLC9A6,Uterine_Corpus_Endometrial_Carcinoma,101,5,52,5
GABBR2,Uterine_Corpus_Endometrial_Carcinoma,74,5,49,5
KIAA1244,Uterine_Corpus_Endometrial_Carcinoma,109,8,59,7
ZNFX1,Uterine_Corpus_Endometrial_Carcinoma,99,11,52,11
IRS1,Uterine_Corpus_Endometrial_Carcinoma,67,2,45,2
GLG1,Uterine_Corpus_Endometrial_Carcinoma,60,11,46,10
DMBT1,Uterine_Corpus_Endometrial_Carcinoma,118,15,61,14
SCN4A,Uterine_Corpus_Endometrial_Carcinoma,129,4,68,4
ATAD2,Uterine_Corpus_Endometrial_Carcinoma,106,27,57,25
PPP1R26,Uterine_Corpus_Endometrial_Carcinoma,81,3,45,2
OBSL1,Uterine_Corpus_Endometrial_Carcinoma,116,6,52,6
TDRD1,Uterine_Corpus_Endometrial_Carcinoma,91,14,51,13
TTN,Uterine_Corpus_Endometrial_Carcinoma,2367,254,200,82
ARHGAP36,Uterine_Corpus_Endometrial_Carcinoma,99,8,57,8
MAP4K4,Uterine_Corpus_Endometrial_Carcinoma,90,6,50,6
ZFR,Uterine_Corpus_Endometrial_Carcinoma,70,8,49,8
SEMA5A,Uterine_Corpus_Endometrial_Carcinoma,100,5,47,5
CXorf22,Uterine_Corpus_Endometrial_Carcinoma,83,10,46,10
KDM6A,Uterine_Corpus_Endometrial_Carcinoma,95,7,57,6
ZC3H18,Uterine_Corpus_Endometrial_Carcinoma,78,11,52,11
VCL,Uterine_Corpus_Endometrial_Carcinoma,71,7,46,6
PABPC5,Uterine_Corpus_Endometrial_Carcinoma,128,6,53,6
ASPM,Uterine_Corpus_Endometrial_Carcinoma,246,33,81,28
OCRL,Uterine_Corpus_Endometrial_Carcinoma,110,14,59,14
MUSK,Uterine_Corpus_Endometrial_Carcinoma,68,11,44,10
DOCK3,Uterine_Corpus_Endometrial_Carcinoma,184,44,87,39
FLG,Uterine_Corpus_Endometrial_Carcinoma,255,23,107,20
PALM2-AKAP2,Uterine_Corpus_Endometrial_Carcinoma,89,4,54,4
ZNF449,Uterine_Corpus_Endometrial_Carcinoma,85,6,48,6
CNNM4,Uterine_Corpus_Endometrial_Carcinoma,66,2,47,2
EIF4G3,Uterine_Corpus_Endometrial_Carcinoma,118,19,68,16
PNPLA7,Uterine_Corpus_Endometrial_Carcinoma,113,8,57,8
DYRK2,Uterine_Corpus_Endometrial_Carcinoma,102,1,56,1
NAV2,Uterine_Corpus_Endometrial_Carcinoma,166,11,81,10
NCOA1,Uterine_Corpus_Endometrial_Carcinoma,92,11,55,11
YES1,Uterine_Corpus_Endometrial_Carcinoma,70,4,44,4
CHD2,Uterine_Corpus_Endometrial_Carcinoma,121,11,63,10
ZCCHC5,Uterine_Corpus_Endometrial_Carcinoma,65,1,47,1
TCF25,Uterine_Corpus_Endometrial_Carcinoma,77,4,45,4
PHF3,Uterine_Corpus_Endometrial_Carcinoma,132,20,61,19
RAD50,Uterine_Corpus_Endometrial_Carcinoma,97,19,50,18
DLG3,Uterine_Corpus_Endometrial_Carcinoma,124,5,78,5
LAMA2,Uterine_Corpus_Endometrial_Carcinoma,229,40,85,31
KMT2D,Uterine_Corpus_Endometrial_Carcinoma,339,80,138,66
BICC1,Uterine_Corpus_Endometrial_Carcinoma,65,8,45,8
PUM1,Uterine_Corpus_Endometrial_Carcinoma,68,9,47,9
PKP4,Uterine_Corpus_Endometrial_Carcinoma,79,10,50,9
SBF1,Uterine_Corpus_Endometrial_Carcinoma,91,11,50,11
RTF1,Uterine_Corpus_Endometrial_Carcinoma,71,9,48,9
AGBL1,Uterine_Corpus_Endometrial_Carcinoma,83,16,46,15
SUCO,Uterine_Corpus_Endometrial_Carcinoma,89,9,49,9
CACNA1A,Uterine_Corpus_Endometrial_Carcinoma,122,9,62,9
RIMS2,Uterine_Corpus_Endometrial_Carcinoma,158,19,72,17
HPS3,Uterine_Corpus_Endometrial_Carcinoma,84,9,56,9
ARFGEF1,Uterine_Corpus_Endometrial_Carcinoma,128,22,53,16
KIF1B,Uterine_Corpus_Endometrial_Carcinoma,165,7,68,7
PLS3,Uterine_Corpus_Endometrial_Carcinoma,70,4,45,4
PTPN21,Uterine_Corpus_Endometrial_Carcinoma,78,9,48,9
AXIN2,Uterine_Corpus_Endometrial_Carcinoma,67,8,47,7
KDM5C,Uterine_Corpus_Endometrial_Carcinoma,98,8,54,8
GPM6A,Uterine_Corpus_Endometrial_Carcinoma,109,2,59,2
FLT4,Uterine_Corpus_Endometrial_Carcinoma,93,8,54,8
KAT6B,Uterine_Corpus_Endometrial_Carcinoma,96,5,59,4
PRTG,Uterine_Corpus_Endometrial_Carcinoma,85,13,51,13
ZNF98,Uterine_Corpus_Endometrial_Carcinoma,72,6,46,6
NPR3,Uterine_Corpus_Endometrial_Carcinoma,71,2,44,2
KIAA2026,Uterine_Corpus_Endometrial_Carcinoma,115,12,55,11
N4BP2L2,Uterine_Corpus_Endometrial_Carcinoma,85,12,51,10
SYNPO2,Uterine_Corpus_Endometrial_Carcinoma,88,6,53,6
RAG1,Uterine_Corpus_Endometrial_Carcinoma,105,6,59,6
KIF4A,Uterine_Corpus_Endometrial_Carcinoma,98,6,50,5
WDR64,Uterine_Corpus_Endometrial_Carcinoma,84,8,45,7
RAB3GAP1,Uterine_Corpus_Endometrial_Carcinoma,80,9,50,9
PPP2R1A,Uterine_Corpus_Endometrial_Carcinoma,98,4,82,4
ZNF521,Uterine_Corpus_Endometrial_Carcinoma,97,7,49,7
MUC16,Uterine_Corpus_Endometrial_Carcinoma,717,76,134,46
NAA15,Uterine_Corpus_Endometrial_Carcinoma,101,26,55,25
KIF13A,Uterine_Corpus_Endometrial_Carcinoma,75,9,48,8
GK,Uterine_Corpus_Endometrial_Carcinoma,95,8,50,8
PEAK1,Uterine_Corpus_Endometrial_Carcinoma,77,16,45,15
WWC3,Uterine_Corpus_Endometrial_Carcinoma,107,9,63,9
G3BP1,Uterine_Corpus_Endometrial_Carcinoma,63,3,47,3
GTF3C1,Uterine_Corpus_Endometrial_Carcinoma,128,14,64,14
ZIC4,Uterine_Corpus_Endometrial_Carcinoma,88,3,51,3
XDH,Uterine_Corpus_Endometrial_Carcinoma,96,10,48,9
RNF213,Uterine_Corpus_Endometrial_Carcinoma,257,14,88,11
UNC5D,Uterine_Corpus_Endometrial_Carcinoma,122,8,61,8
KIAA2022,Uterine_Corpus_Endometrial_Carcinoma,245,7,88,7
KIAA1551,Uterine_Corpus_Endometrial_Carcinoma,89,7,49,7
MIA3,Uterine_Corpus_Endometrial_Carcinoma,108,13,51,12
GCN1L1,Uterine_Corpus_Endometrial_Carcinoma,111,5,54,5
F8,Uterine_Corpus_Endometrial_Carcinoma,217,24,80,21
SMPD4,Uterine_Corpus_Endometrial_Carcinoma,75,2,44,2
KLHL4,Uterine_Corpus_Endometrial_Carcinoma,99,9,48,7
SNX18,Uterine_Corpus_Endometrial_Carcinoma,61,5,44,5
PCDHB7,Uterine_Corpus_Endometrial_Carcinoma,149,2,61,2
E2F7,Uterine_Corpus_Endometrial_Carcinoma,74,4,47,4
MYPN,Uterine_Corpus_Endometrial_Carcinoma,106,10,56,10
CNTNAP3,Uterine_Corpus_Endometrial_Carcinoma,100,12,51,10
ZFP64,Uterine_Corpus_Endometrial_Carcinoma,68,1,46,1
DIDO1,Uterine_Corpus_Endometrial_Carcinoma,156,14,71,12
PARD3B,Uterine_Corpus_Endometrial_Carcinoma,73,18,48,17
DLGAP1,Uterine_Corpus_Endometrial_Carcinoma,65,6,45,6
RGS12,Uterine_Corpus_Endometrial_Carcinoma,82,9,50,9
CAPRIN2,Uterine_Corpus_Endometrial_Carcinoma,85,6,50,6
C5,Uterine_Corpus_Endometrial_Carcinoma,89,10,46,10
ESRP1,Uterine_Corpus_Endometrial_Carcinoma,82,39,60,33
DRC11,Uterine_Corpus_Endometrial_Carcinoma,76,11,47,11
ABHD13,Uterine_Corpus_Endometrial_Carcinoma,107,3,52,3
LAMB2,Uterine_Corpus_Endometrial_Carcinoma,71,8,48,8
LHX9,Uterine_Corpus_Endometrial_Carcinoma,61,2,46,2
NEGR1,Uterine_Corpus_Endometrial_Carcinoma,88,4,49,4
LRRC16A,Uterine_Corpus_Endometrial_Carcinoma,86,12,46,12
ATP10B,Uterine_Corpus_Endometrial_Carcinoma,98,13,55,13
UBASH3B,Uterine_Corpus_Endometrial_Carcinoma,65,8,44,8
ZNF644,Uterine_Corpus_Endometrial_Carcinoma,104,13,63,12
SPTB,Uterine_Corpus_Endometrial_Carcinoma,105,11,59,11
KIAA1033,Uterine_Corpus_Endometrial_Carcinoma,83,15,50,13
TMEM47,Uterine_Corpus_Endometrial_Carcinoma,74,0,44,0
STAG2,Uterine_Corpus_Endometrial_Carcinoma,172,16,63,15
OTUD7B,Uterine_Corpus_Endometrial_Carcinoma,77,9,51,9
ULK1,Uterine_Corpus_Endometrial_Carcinoma,66,9,45,9
UNKL,Uterine_Corpus_Endometrial_Carcinoma,53,3,46,3
FNIP1,Uterine_Corpus_Endometrial_Carcinoma,86,10,53,10
PTPRF,Uterine_Corpus_Endometrial_Carcinoma,116,3,57,3
SIN3A,Uterine_Corpus_Endometrial_Carcinoma,94,29,62,27
PCDHB12,Uterine_Corpus_Endometrial_Carcinoma,116,6,64,6
SCAP,Uterine_Corpus_Endometrial_Carcinoma,65,2,46,2
DISP1,Uterine_Corpus_Endometrial_Carcinoma,95,5,53,5
IGSF22,Uterine_Corpus_Endometrial_Carcinoma,69,3,45,3
SPTA1,Uterine_Corpus_Endometrial_Carcinoma,200,22,87,21
TMEM132B,Uterine_Corpus_Endometrial_Carcinoma,86,8,49,8
SON,Uterine_Corpus_Endometrial_Carcinoma,127,4,61,3
TNPO1,Uterine_Corpus_Endometrial_Carcinoma,118,5,53,5
CDH2,Uterine_Corpus_Endometrial_Carcinoma,90,8,52,6
SLC45A4,Uterine_Corpus_Endometrial_Carcinoma,75,3,49,3
KIRREL3,Uterine_Corpus_Endometrial_Carcinoma,94,3,49,3
PNISR,Uterine_Corpus_Endometrial_Carcinoma,69,16,48,16
SEMA4C,Uterine_Corpus_Endometrial_Carcinoma,60,6,45,6
SOS1,Uterine_Corpus_Endometrial_Carcinoma,66,10,48,9
CHERP,Uterine_Corpus_Endometrial_Carcinoma,72,8,44,8
ILF3,Uterine_Corpus_Endometrial_Carcinoma,77,9,51,8
GRIN3A,Uterine_Corpus_Endometrial_Carcinoma,98,3,49,3
SPAG17,Uterine_Corpus_Endometrial_Carcinoma,115,21,64,18
TRIM2,Uterine_Corpus_Endometrial_Carcinoma,93,3,57,3
DIAPH2,Uterine_Corpus_Endometrial_Carcinoma,149,23,55,16
MYBBP1A,Uterine_Corpus_Endometrial_Carcinoma,61,4,45,4
GPHN,Uterine_Corpus_Endometrial_Carcinoma,71,5,45,4
PDXK,Uterine_Corpus_Endometrial_Carcinoma,75,3,54,3
TNRC18,Uterine_Corpus_Endometrial_Carcinoma,147,31,74,27
ZNF862,Uterine_Corpus_Endometrial_Carcinoma,87,8,50,8
ZMYND8,Uterine_Corpus_Endometrial_Carcinoma,87,9,50,9
CACNB2,Uterine_Corpus_Endometrial_Carcinoma,96,9,47,8
ANPEP,Uterine_Corpus_Endometrial_Carcinoma,75,7,49,6
FOXP4,Uterine_Corpus_Endometrial_Carcinoma,66,12,45,12
KDM4B,Uterine_Corpus_Endometrial_Carcinoma,60,4,44,4
PKD1L1,Uterine_Corpus_Endometrial_Carcinoma,171,11,72,10
SDK2,Uterine_Corpus_Endometrial_Carcinoma,128,17,70,16
DSCAM,Uterine_Corpus_Endometrial_Carcinoma,170,10,77,9
BCL6,Uterine_Corpus_Endometrial_Carcinoma,78,12,47,10
NCOR1,Uterine_Corpus_Endometrial_Carcinoma,134,16,68,14
DOPEY1,Uterine_Corpus_Endometrial_Carcinoma,125,15,58,13
COL3A1,Uterine_Corpus_Endometrial_Carcinoma,105,9,55,9
ROR2,Uterine_Corpus_Endometrial_Carcinoma,82,4,49,4
CACNB4,Uterine_Corpus_Endometrial_Carcinoma,63,6,49,6
UBA1,Uterine_Corpus_Endometrial_Carcinoma,70,5,48,5
TJP2,Uterine_Corpus_Endometrial_Carcinoma,75,8,45,7
HDAC4,Uterine_Corpus_Endometrial_Carcinoma,158,11,68,10
SF3B1,Uterine_Corpus_Endometrial_Carcinoma,70,4,47,4
NLRP3,Uterine_Corpus_Endometrial_Carcinoma,93,6,49,6
ANO5,Uterine_Corpus_Endometrial_Carcinoma,92,8,49,7
ROBO3,Uterine_Corpus_Endometrial_Carcinoma,84,8,47,7
GABRQ,Uterine_Corpus_Endometrial_Carcinoma,68,8,44,7
ST5,Uterine_Corpus_Endometrial_Carcinoma,76,8,45,8
SLITRK2,Uterine_Corpus_Endometrial_Carcinoma,209,7,67,7
RGAG4,Uterine_Corpus_Endometrial_Carcinoma,78,10,47,10
C11orf30,Uterine_Corpus_Endometrial_Carcinoma,80,2,49,2
EPG5,Uterine_Corpus_Endometrial_Carcinoma,124,16,65,15
MAB21L1,Uterine_Corpus_Endometrial_Carcinoma,85,1,46,1
RGPD4,Uterine_Corpus_Endometrial_Carcinoma,95,5,49,5
CLASP1,Uterine_Corpus_Endometrial_Carcinoma,123,27,63,23
USP35,Uterine_Corpus_Endometrial_Carcinoma,56,5,44,5
C5orf42,Uterine_Corpus_Endometrial_Carcinoma,160,35,60,27
RABGAP1L,Uterine_Corpus_Endometrial_Carcinoma,73,8,47,8
STARD9,Uterine_Corpus_Endometrial_Carcinoma,117,14,55,14
UBR3,Uterine_Corpus_Endometrial_Carcinoma,129,13,70,13
LAMB1,Uterine_Corpus_Endometrial_Carcinoma,101,15,58,15
MON2,Uterine_Corpus_Endometrial_Carcinoma,102,12,51,12
DGKI,Uterine_Corpus_Endometrial_Carcinoma,86,13,45,11
ERBB3,Uterine_Corpus_Endometrial_Carcinoma,89,7,61,6
ATXN2L,Uterine_Corpus_Endometrial_Carcinoma,67,12,47,10
RAD51AP2,Uterine_Corpus_Endometrial_Carcinoma,98,23,45,21
GPR149,Uterine_Corpus_Endometrial_Carcinoma,82,12,45,11
RB1,Uterine_Corpus_Endometrial_Carcinoma,105,31,61,24
ATG2B,Uterine_Corpus_Endometrial_Carcinoma,108,19,47,18
C3,Uterine_Corpus_Endometrial_Carcinoma,116,14,63,13
IQGAP3,Uterine_Corpus_Endometrial_Carcinoma,77,6,53,6
PTPRG,Uterine_Corpus_Endometrial_Carcinoma,106,14,57,13
KCNJ3,Uterine_Corpus_Endometrial_Carcinoma,99,3,59,3
ARHGAP35,Uterine_Corpus_Endometrial_Carcinoma,169,66,98,61
SPTBN5,Uterine_Corpus_Endometrial_Carcinoma,171,14,77,12
FAM13A,Uterine_Corpus_Endometrial_Carcinoma,94,8,53,7
FLT3,Uterine_Corpus_Endometrial_Carcinoma,91,16,49,15
DRD5,Uterine_Corpus_Endometrial_Carcinoma,92,0,56,0
AKAP4,Uterine_Corpus_Endometrial_Carcinoma,83,4,47,4
LAMA3,Uterine_Corpus_Endometrial_Carcinoma,149,20,66,20
SEC16A,Uterine_Corpus_Endometrial_Carcinoma,134,8,71,8
SATB1,Uterine_Corpus_Endometrial_Carcinoma,91,7,52,6
ARID1A,Uterine_Corpus_Endometrial_Carcinoma,323,221,194,173
USH2A,Uterine_Corpus_Endometrial_Carcinoma,390,39,99,33
ZNF623,Uterine_Corpus_Endometrial_Carcinoma,91,5,51,5
PAPOLG,Uterine_Corpus_Endometrial_Carcinoma,66,10,47,10
LRP12,Uterine_Corpus_Endometrial_Carcinoma,71,8,46,8
PCSK6,Uterine_Corpus_Endometrial_Carcinoma,83,7,49,7
BMS1,Uterine_Corpus_Endometrial_Carcinoma,83,11,48,10
ETV1,Uterine_Corpus_Endometrial_Carcinoma,81,10,51,10
LRIG1,Uterine_Corpus_Endometrial_Carcinoma,76,2,50,2
NAV3,Uterine_Corpus_Endometrial_Carcinoma,222,23,81,18
TTI1,Uterine_Corpus_Endometrial_Carcinoma,60,6,46,6
YLPM1,Uterine_Corpus_Endometrial_Carcinoma,107,24,60,22
KCNB2,Uterine_Corpus_Endometrial_Carcinoma,79,15,46,14
EPPK1,Uterine_Corpus_Endometrial_Carcinoma,132,10,72,10
DAAM1,Uterine_Corpus_Endometrial_Carcinoma,78,5,47,5
ACVR1B,Uterine_Corpus_Endometrial_Carcinoma,63,3,46,2
BOD1L1,Uterine_Corpus_Endometrial_Carcinoma,162,16,65,16
CDH11,Uterine_Corpus_Endometrial_Carcinoma,122,5,62,5
OVCH1,Uterine_Corpus_Endometrial_Carcinoma,94,9,50,9
NLRP1,Uterine_Corpus_Endometrial_Carcinoma,74,9,46,9
EPHB2,Uterine_Corpus_Endometrial_Carcinoma,92,4,58,4
DHX9,Uterine_Corpus_Endometrial_Carcinoma,75,13,51,13
TRPM1,Uterine_Corpus_Endometrial_Carcinoma,121,11,51,11
PPP1R12A,Uterine_Corpus_Endometrial_Carcinoma,75,9,50,9
NPHS1,Uterine_Corpus_Endometrial_Carcinoma,75,8,55,8
ADCY9,Uterine_Corpus_Endometrial_Carcinoma,127,6,55,6
FMNL3,Uterine_Corpus_Endometrial_Carcinoma,73,4,47,4
CDH19,Uterine_Corpus_Endometrial_Carcinoma,113,14,57,14
FURIN,Uterine_Corpus_Endometrial_Carcinoma,69,3,48,3
PAPPA2,Uterine_Corpus_Endometrial_Carcinoma,105,6,62,6
PPP4R1,Uterine_Corpus_Endometrial_Carcinoma,64,6,44,6
CHD5,Uterine_Corpus_Endometrial_Carcinoma,146,12,68,11
ADAM23,Uterine_Corpus_Endometrial_Carcinoma,78,13,54,13
MECP2,Uterine_Corpus_Endometrial_Carcinoma,141,5,74,5
NRK,Uterine_Corpus_Endometrial_Carcinoma,215,29,88,24
KCND2,Uterine_Corpus_Endometrial_Carcinoma,117,12,58,11
ABCC3,Uterine_Corpus_Endometrial_Carcinoma,75,6,45,6
KDM4C,Uterine_Corpus_Endometrial_Carcinoma,95,6,48,6
CSMD2,Uterine_Corpus_Endometrial_Carcinoma,235,13,86,11
ZBTB20,Uterine_Corpus_Endometrial_Carcinoma,68,23,51,23
DNAH6,Uterine_Corpus_Endometrial_Carcinoma,249,40,80,34
MXD1,Uterine_Corpus_Endometrial_Carcinoma,52,0,46,0
BACH1,Uterine_Corpus_Endometrial_Carcinoma,75,6,50,6
PRPF8,Uterine_Corpus_Endometrial_Carcinoma,122,14,64,14
FAM47B,Uterine_Corpus_Endometrial_Carcinoma,99,5,59,5
PHF14,Uterine_Corpus_Endometrial_Carcinoma,64,20,48,18
SEZ6L2,Uterine_Corpus_Endometrial_Carcinoma,75,4,50,4
NINL,Uterine_Corpus_Endometrial_Carcinoma,78,9,49,8
SLCO1A2,Uterine_Corpus_Endometrial_Carcinoma,63,2,45,2
PHF2,Uterine_Corpus_Endometrial_Carcinoma,96,12,57,11
TTC37,Uterine_Corpus_Endometrial_Carcinoma,86,12,53,11
RIMS1,Uterine_Corpus_Endometrial_Carcinoma,181,16,77,15
MED23,Uterine_Corpus_Endometrial_Carcinoma,74,12,52,10
LARP4B,Uterine_Corpus_Endometrial_Carcinoma,93,14,60,14
MYOM2,Uterine_Corpus_Endometrial_Carcinoma,130,13,64,13
DUOX2,Uterine_Corpus_Endometrial_Carcinoma,101,6,53,5
ZBED1,Uterine_Corpus_Endometrial_Carcinoma,62,2,44,2
TCF20,Uterine_Corpus_Endometrial_Carcinoma,103,7,59,7
SNRNP200,Uterine_Corpus_Endometrial_Carcinoma,106,10,52,10
ALPK1,Uterine_Corpus_Endometrial_Carcinoma,74,9,45,8
KRAS,Uterine_Corpus_Endometrial_Carcinoma,129,3,105,3
NFIA,Uterine_Corpus_Endometrial_Carcinoma,76,1,55,1
KAT2B,Uterine_Corpus_Endometrial_Carcinoma,75,11,46,10
STAB2,Uterine_Corpus_Endometrial_Carcinoma,139,7,65,6
ZFHX2,Uterine_Corpus_Endometrial_Carcinoma,99,13,45,13
EPHA3,Uterine_Corpus_Endometrial_Carcinoma,145,13,63,13
SETD1B,Uterine_Corpus_Endometrial_Carcinoma,115,32,67,29
ARHGEF12,Uterine_Corpus_Endometrial_Carcinoma,104,10,50,10
ZNF217,Uterine_Corpus_Endometrial_Carcinoma,80,3,49,3
DOCK6,Uterine_Corpus_Endometrial_Carcinoma,110,9,62,8
GOLGB1,Uterine_Corpus_Endometrial_Carcinoma,168,32,61,23
VCAN,Uterine_Corpus_Endometrial_Carcinoma,257,32,62,20
FANCD2,Uterine_Corpus_Endometrial_Carcinoma,85,11,54,11
PTPN23,Uterine_Corpus_Endometrial_Carcinoma,68,10,47,9
PLXND1,Uterine_Corpus_Endometrial_Carcinoma,85,4,52,4
PTBP3,Uterine_Corpus_Endometrial_Carcinoma,64,5,46,5
LY75,Uterine_Corpus_Endometrial_Carcinoma,79,13,47,13
ADD2,Uterine_Corpus_Endometrial_Carcinoma,72,5,47,5
EDA,Uterine_Corpus_Endometrial_Carcinoma,80,4,50,4
NHS,Uterine_Corpus_Endometrial_Carcinoma,205,19,79,17
EP300,Uterine_Corpus_Endometrial_Carcinoma,150,37,77,31
SPOP,Uterine_Corpus_Endometrial_Carcinoma,70,3,60,3
RAI14,Uterine_Corpus_Endometrial_Carcinoma,66,6,44,6
SCN5A,Uterine_Corpus_Endometrial_Carcinoma,170,14,69,13
PRR14L,Uterine_Corpus_Endometrial_Carcinoma,103,12,58,12
XIRP1,Uterine_Corpus_Endometrial_Carcinoma,91,5,52,4
MYH13,Uterine_Corpus_Endometrial_Carcinoma,139,16,62,13
CSF2RA,Uterine_Corpus_Endometrial_Carcinoma,70,4,50,4
TENM3,Uterine_Corpus_Endometrial_Carcinoma,247,18,90,17
EGR2,Uterine_Corpus_Endometrial_Carcinoma,76,9,46,9
ZNF365,Uterine_Corpus_Endometrial_Carcinoma,71,8,44,7
SP140L,Uterine_Corpus_Endometrial_Carcinoma,59,9,45,9
ARHGEF10,Uterine_Corpus_Endometrial_Carcinoma,93,3,51,3
TSPYL2,Uterine_Corpus_Endometrial_Carcinoma,75,8,46,8
WDR78,Uterine_Corpus_Endometrial_Carcinoma,77,17,48,17
GLI2,Uterine_Corpus_Endometrial_Carcinoma,79,11,49,11
GPR179,Uterine_Corpus_Endometrial_Carcinoma,146,24,66,18
ESCO1,Uterine_Corpus_Endometrial_Carcinoma,79,13,45,12
HIPK1,Uterine_Corpus_Endometrial_Carcinoma,121,5,57,5
KLHL13,Uterine_Corpus_Endometrial_Carcinoma,93,9,54,8
ALOX12B,Uterine_Corpus_Endometrial_Carcinoma,62,4,46,4
NUP98,Uterine_Corpus_Endometrial_Carcinoma,82,11,53,11
WIPF1,Uterine_Corpus_Endometrial_Carcinoma,94,0,60,0
NFIB,Uterine_Corpus_Endometrial_Carcinoma,145,5,60,5
ASXL1,Uterine_Corpus_Endometrial_Carcinoma,90,10,49,10
RBM10,Uterine_Corpus_Endometrial_Carcinoma,83,5,46,5
QSER1,Uterine_Corpus_Endometrial_Carcinoma,104,16,54,16
PLEKHG4B,Uterine_Corpus_Endometrial_Carcinoma,73,11,44,11
KCNH7,Uterine_Corpus_Endometrial_Carcinoma,97,12,52,12
SLC9C1,Uterine_Corpus_Endometrial_Carcinoma,96,10,49,10
SIK1,Uterine_Corpus_Endometrial_Carcinoma,55,1,45,1
ANO2,Uterine_Corpus_Endometrial_Carcinoma,96,21,48,17
BAIAP3,Uterine_Corpus_Endometrial_Carcinoma,75,6,44,5
